birth,death
0.0,12.405266288563283
0.0,0.3022756637062512
0.0,0.04745127639824881
0.0,0.004847478428249868
0.0,0.0033207282409998835
0.0,0.0032501956804998006
0.0,0.003096560317249983
0.0,0.002911914576249691
0.0,0.002729311340500694
0.0,0.0026122108862497375
0.0,0.002604476506000202
0.0,0.002215188726250262
0.0,0.002177166930499933
0.0,0.002028692156500661
0.0,0.002002197291249467
0.0,0.001959103785999887
