birth,death
0.14367130396225045,0.14374710209819153
0.3481513459089986,0.348166585200611
