ID,Start_Lat,Start_Lng,State,County,City
A-3511578,37.075546,-113.584929,UT,Washington,Saint George
A-3511057,41.297864,-111.96889,UT,Weber,Ogden
A-3511135,38.716074,-109.706169,UT,Grand,Thompson
A-3511417,38.87592,-111.96007,UT,Sevier,Salina
A-3511271,40.165345,-110.425112,UT,Duchesne,Talmage
