ID,Start_Lat,Start_Lng,State,County,City
A-3511422,36.955968,-113.792274,AZ,Mohave,Littlefield
A-3511432,31.473436,-109.972071,AZ,Cochise,Bisbee
A-3511440,32.68779,-114.5741,AZ,Yuma,Yuma
A-3511694,36.150233,-109.591812,AZ,Apache,Chinle
