ID,Start_Lat,Start_Lng,State,County,City
A-3511422,36.955968,-113.792274,AZ,Mohave,Littlefield
A-3511432,31.473436,-109.972071,AZ,Cochise,Bisbee
A-3511440,32.68779,-114.5741,AZ,Yuma,Yuma
A-3511694,36.150233,-109.591812,AZ,Apache,Chinle
A-3511577,34.462557000000004,-112.0299,AZ,Yavapai,Mayer
A-3511474,35.004437,-114.59799,AZ,Mohave,Fort Mohave
A-3511587,32.60779,-111.35213,AZ,Pinal,Eloy
A-3511463,34.345175,-110.294286,AZ,Navajo,Show Low
A-3511693,33.131557,-112.65102,AZ,Maricopa,Buckeye
