ID,Start_Lat,Start_Lng,State,County,City
A-3511312,39.73479,-105.01503,CO,Denver,Denver
A-3425207,39.938176,-104.98794,CO,Adams,Thornton
A-3424883,38.831476,-104.840994,CO,El Paso,Colorado Springs
A-3511762,39.663974,-105.980156,CO,Summit,Dillon
A-3425813,39.70738,-104.82738,CO,Arapahoe,Aurora
A-3426339,39.771158,-104.990635,CO,Denver,Denver
A-3427292,40.07315,-104.319526,CO,Weld,Roggen
A-3511672,39.110852,-108.539334,CO,Mesa,Grand Junction
