ID,Start_Lat,Start_Lng,State,County,City
A-3511669,39.103848,-108.448131,CO,Mesa,Clifton
A-3511413,39.70212,-105.2022,CO,Jefferson,Golden
A-3427292,40.07315,-104.319526,CO,Weld,Roggen
A-3426947,39.7702,-104.99193,CO,Denver,Denver
A-3511714,39.68108,-105.18844,CO,Jefferson,Morrison
A-3426041,39.88935,-104.98768,CO,Adams,Denver
