birth,death
0.0,0.0848478657812501
0.0,0.08051789351224353
0.0,0.06808540230626134
0.0,0.06560220943225059
0.0,0.0584212195250065
0.0,0.05521880609225021
0.0,0.05507059809424915
0.0,0.05372354704000076
0.0,0.052890045366248535
0.0,0.051998934861250005
0.0,0.0506088979312498
