birth,death
0.09541491312500291,0.1358891230417592
0.14847063884650147,0.18382936946032483
0.05922722252500045,0.08206366061454992
0.07769765459300376,0.09423196340248774
0.11046384625000585,0.12090278841731006
0.07037708192499434,0.07975085809376542
0.1236947727529989,0.12548958018786455
0.13332517120000031,0.13436627821476646
0.12878818499449896,0.12894974424446976
