ID,Start_Lat,Start_Lng,State,County,City
A-230541,38.916676,-77.51326800000002,VA,Loudoun,Chantilly
A-229420,39.216297,-77.534485,VA,Loudoun,Leesburg
A-233570,38.959064,-77.49925999999998,VA,Loudoun,Sterling
A-229551,38.994499,-77.489281,VA,Loudoun,Ashburn
A-230711,39.2216,-77.534088,VA,Loudoun,Leesburg
A-232613,39.060562,-77.45920600000002,VA,Loudoun,Ashburn
A-229480,38.933861,-77.550285,VA,Loudoun,Aldie
A-231638,39.028015,-77.448318,VA,Loudoun,Ashburn
