birth,death
0.4469244782402501,0.6463907415405801
0.5990503576704967,0.6346326179986355
0.6543163671725007,0.66229322082744
