birth,death
0.0,1.4703783274392488
0.0,1.0046782230972533
0.0,0.9164624496612497
0.0,0.6543163671725007
