birth,death
0.35763123288649934,0.4691286758810145
0.303058551237247,0.3246964646291872
0.4512629688564947,0.4621790473476748
0.03874273720400085,0.048316363566504435
0.045927964426250203,0.047369730586132155
0.04795531585000007,0.04822352288963763
0.1507173350224973,0.15092819970473204
