birth,death
1.4664726328839954,1.553679063834384
1.276405115379249,1.3516460629468565
