birth,death
0.0,0.3765632411649902
0.0,0.35763123288649934
0.0,0.28584350373125034
0.0,0.27072933583925
0.0,0.13853098119400148
0.0,0.12065804885825188
0.0,0.11798226476499785
0.0,0.10787787512449873
0.0,0.10367746027399838
0.0,0.09788895522049704
0.0,0.09289114760900005
0.0,0.09119742752499953
