birth,death
0.42633749206900146,0.6346326179986355
0.303058551237247,0.3246964646291872
0.4383046899400016,0.44593590893596724
