birth,death
0.3731626124262491,0.5489374087524764
0.303058551237247,0.3246964646291872
0.150513565396997,0.16788134481387743
0.15534480672200016,0.16709793776634363
0.4383046899400016,0.44593590893596724
0.5469138498100024,0.5485712364322312
0.44673947113225265,0.44794464401255724
