birth,death
0.35763123288649934,0.5194649443648653
0.303058551237247,0.3246964646291872
0.150513565396997,0.1588879872979053
0.09289114760900005,0.09305190303357004
