birth,death
0.35763123288649934,0.5194649443648653
0.303058551237247,0.3246964646291872
0.05013542280400024,0.05387476829990703
0.07542600518499729,0.07592088473163681
0.09289114760900005,0.09305190303357004
