birth,death
0.0,1.4703783274392488
0.0,1.4664726328839954
0.0,1.276405115379249
