birth,death
1.276405115379249,1.3516460629468565
