birth,death
0.0,0.6543163671725007
0.0,0.5113297959722523
0.0,0.42633749206900146
0.0,0.3765632411649902
0.0,0.3731626124262491
0.0,0.35901399532499795
