birth,death
0.35763123288649934,0.5194649443648653
0.303058551237247,0.3246964646291872
0.150513565396997,0.16788134481387743
0.15534480672200016,0.16709793776634363
