birth,death
0.35763123288649934,0.4691286758810145
0.303058551237247,0.3246964646291872
0.4512629688564947,0.4621790473476748
0.013108780754000248,0.016265687929029257
0.011380852800000923,0.01184837721269957
0.045927964426250203,0.04620059609629522
0.1507173350224973,0.15092819970473204
0.03704091559999831,0.03712799630723561
