birth,death
0.35763123288649934,0.4691286758810145
0.303058551237247,0.3246964646291872
0.4512629688564947,0.4621790473476748
0.05013542280400024,0.05387476829990703
0.07542600518499729,0.07592088473163681
0.1507173350224973,0.15092819970473204
0.09289114760900005,0.09305190303357004
