birth,death
0.35763123288649934,0.4691286758810145
0.303058551237247,0.3246964646291872
0.4512629688564947,0.4621790473476748
0.014957525703250993,0.017401397945127572
0.009209648124999002,0.010415119047317388
0.1507173350224973,0.15092819970473204
0.03704091559999831,0.037077335957900956
