birth,death
0.0,4.434027814095996
0.0,2.9463864819852463
