birth,death
5.1098878356612385,5.669160752881615
