birth,death
0.0,1.5073417885945066
0.0,0.31893882446726385
0.0,0.30868045273225947
0.0,0.2707654002050001
0.0,0.20556180184725079
0.0,0.20449337988925262
0.0,0.19666017609648567
0.0,0.19575440120900808
0.0,0.19532678146225047
0.0,0.18564212956899545
0.0,0.18365216753049818
0.0,0.1829890895105081
0.0,0.17605632886899752
0.0,0.1729109270439983
0.0,0.1671101682592527
0.0,0.14630814359649902
0.0,0.1459004402812523
