birth,death
0.34388915750724997,0.4856039767295211
0.43760654957050443,0.5551653103944432
0.4350826723345006,0.5329139598314805
0.35602570296449876,0.43808338717627315
0.2903292085712461,0.36926465184346
0.3748098901944997,0.4158331035301166
0.35108338713999077,0.3667771134657032
0.4523420123964851,0.4679481463513555
0.6105542360222527,0.6247255836713708
0.43020900624999897,0.4345850555255919
0.5101173515945046,0.5127457814362306
0.32964037377049593,0.32965656362047446
