birth,death
5.830219147405251,6.432381215671297
7.910699059524985,8.134982185295684
