birth,death
0.6815239443762493,1.3793142814205706
0.42224990097649906,0.6044425473728171
1.2848196392052535,1.3293412419763297
0.5120259252812507,0.5522317872634517
0.6635037319559995,0.6977491749330009
1.7059589189712496,1.732725514483184
0.8987018067249914,0.9139131094638
0.6249987073712469,0.6317809513684743
0.6379053192500035,0.6397589786712508
