birth,death
0.0,2.285170819370502
0.0,1.6899530706249963
0.0,1.2848196392052535
0.0,1.0250130612902582
0.0,0.9804200116250003
