birth,death
0.0,4.400047292551246
0.0,3.9961275082205097
0.0,3.602384672050257
