birth,death
0.6815239443762493,1.3793142814205706
0.41853572026025276,0.6044425473728171
1.1615042752202553,1.3293412419763297
0.5120259252812507,0.5522317872634517
0.6635037319559995,0.6977491749330009
0.8987018067249914,0.9139131094638
0.6249987073712469,0.6317809513684743
0.6479436260005007,0.6534777243928922
0.6379053192500035,0.6397589786712508
