birth,death
0.0,0.6890352710152456
0.0,0.48216074851250224
0.0,0.4723079259605035
0.0,0.43613502490000045
0.0,0.3847822994740042
0.0,0.3785457273904945
0.0,0.3599908592885008
0.0,0.3411539656272561
0.0,0.317097204853248
0.0,0.28986992559325375
0.0,0.28902443736400074
0.0,0.25843302980124827
0.0,0.22662233309300242
0.0,0.1812371693705006
0.0,0.16875136620900008
