birth,death
1.6899530706249963,2.3177912327414014
1.7059589189712496,1.732725514483184
2.0341077872889954,2.0435217709784217
1.5209204178424969,1.5253902383213362
