birth,death
0.0,1.4330164868640025
0.0,1.2848196392052535
0.0,1.0250130612902582
0.0,0.9804200116250003
0.0,0.9430563719525022
0.0,0.6635037319559995
0.0,0.6479436260005007
