birth,death
0.0,1.4330164868640025
0.0,1.1615042752202553
0.0,0.6479436260005007
0.0,0.4723079259605035
0.0,0.41853572026025276
0.0,0.3847822994740042
0.0,0.3785457273904945
0.0,0.3599908592885008
0.0,0.3411539656272561
0.0,0.317097204853248
0.0,0.28986992559325375
