birth,death
1.6899530706249963,2.0067137359983387
0.42224990097649906,0.6044425473728171
1.2848196392052535,1.3293412419763297
0.5120259252812507,0.5522317872634517
0.6635037319559995,0.6977491749330009
1.7059589189712496,1.732725514483184
0.8987018067249914,0.9139131094638
1.802630625850003,1.802818683764897
