ID,Start_Lat,Start_Lng,State,County,City
A-3447739,42.06639000000001,-88.260661,IL,Cook,Elgin
A-3451760,41.50651,-87.53373,IL,Cook,Chicago Heights
A-168790,42.035435,-87.717056,IL,Cook,Skokie
A-168381,41.687798,-87.930862,IL,Cook,Lemont
A-167779,41.765137,-87.649284,IL,Cook,Chicago
A-3451726,42.04284000000001,-87.9888,IL,Cook,Arlington Heights
A-168926,41.565426,-87.744431,IL,Cook,Tinley Park
A-3448336,41.87113,-87.84346,IL,Cook,Maywood
