birth,death
0.0,0.4219429241424971
0.0,0.36841649052850345
0.0,0.368000159588998
0.0,0.2622024178112504
0.0,0.19839679575725352
0.0,0.16794146852225034
0.0,0.12080422319224976
0.0,0.11624881401799948
0.0,0.11011144592499864
0.0,0.1025092384999986
0.0,0.09860766529999955
0.0,0.09513098242850035
0.0,0.08303443604724917
0.0,0.06287406076900044
0.0,0.060322420449001116
0.0,0.05848033372899894
0.0,0.050958304076500066
