birth,death
0.7089812092372492,0.9344826155441756
1.5867107709665031,1.798655541632565
0.4439622972712497,0.5023066547492459
1.771677670746255,1.7903231150918317
1.075918648767244,1.092427631862493
