birth,death
0.0,1.7248287084999971
0.0,1.1902795071250025
0.0,0.6970908877662437
0.0,0.696441844854498
0.0,0.5797118054372531
