birth,death
1.5867107709665031,1.9681889177742184
1.8742913556249987,2.1591100538503776
0.7089812092372492,0.9344826155441756
