birth,death
0.0,2.502530359569994
0.0,1.7248287084999971
0.0,1.1902795071250025
