birth,death
0.0,0.5346355864690019
0.0,0.4219429241424971
0.0,0.368000159588998
0.0,0.2622024178112504
0.0,0.19839679575725352
0.0,0.16794146852225034
0.0,0.14677714630900018
0.0,0.12864763214900238
0.0,0.12819551889999845
0.0,0.12080422319224976
0.0,0.11011144592499864
0.0,0.1025092384999986
0.0,0.09860766529999955
0.0,0.09513098242850035
0.0,0.08303443604724917
