birth,death
0.0,0.36841649052850345
0.0,0.368000159588998
0.0,0.2622024178112504
0.0,0.2262124061842519
0.0,0.155973276017
0.0,0.12080422319224976
0.0,0.11624881401799948
0.0,0.11011144592499864
0.0,0.1025092384999986
0.0,0.09860766529999955
0.0,0.08882620938850014
0.0,0.08303443604724917
0.0,0.06456519454725144
0.0,0.06287406076900044
0.0,0.060322420449001116
0.0,0.05848033372899894
0.0,0.050958304076500066
0.0,0.039193994637248285
0.0,0.036977840525000416
