birth,death
0.696441844854498,0.9344826155441756
0.4361683714420022,0.5456237715076648
0.17052303250000103,0.2426637036641419
0.5128057966522492,0.5291643566854142
0.2292843152000001,0.23593452221967767
0.38832594407650106,0.39221998404702296
0.5819292372532523,0.5849568773907705
0.7089812092372492,0.711313461166688
0.47635733000000546,0.47739522192433964
