birth,death
0.0,0.5346355864690019
0.0,0.4219429241424971
0.0,0.368000159588998
0.0,0.3334226787372498
0.0,0.294047481498498
0.0,0.2622024178112504
0.0,0.21299092359025212
0.0,0.16794146852225034
0.0,0.14677714630900018
0.0,0.12864763214900238
0.0,0.12819551889999845
0.0,0.12080422319224976
0.0,0.11011144592499864
