birth,death
1.8742913556249987,2.1591100538503776
