birth,death
0.47659053817999597,0.7261802199005818
0.39394718068224965,0.4436136204537285
0.21288613320200117,0.25857109055554406
0.21299092359025212,0.23301016257565044
0.5128057966522492,0.5291643566854142
0.12864763214900238,0.1395446683063623
0.14677714630900018,0.15222466680114144
0.38832594407650106,0.39221998404702296
0.5819292372532523,0.5849568773907705
0.47635733000000546,0.47739522192433964
