birth,death
0.696441844854498,0.9344826155441756
0.4361683714420022,0.5456237715076648
0.4439622972712497,0.5023066547492459
1.075918648767244,1.092427631862493
0.38832594407650106,0.39221998404702296
0.5819292372532523,0.5849568773907705
0.7089812092372492,0.711313461166688
