birth,death
0.0,0.7762941292839951
0.0,0.6970908877662437
0.0,0.696441844854498
0.0,0.5797118054372531
0.0,0.34057650584900206
0.0,0.3334226787372498
0.0,0.33289969688225285
