birth,death
0.4204048956489869,1.0364168124268849
0.33261128486900093,0.5406420350383748
0.33480373610123637,0.3988930787559831
0.39662420199998527,0.4298022344215456
0.6284605983222649,0.6335091613884074
0.39269157810524963,0.3951269244296103
0.5233335447849983,0.5237815019206804
