birth,death
0.0,0.34099062471998953
0.0,0.3143847714250131
0.0,0.30658721221225266
0.0,0.30463202417798996
0.0,0.29491873850000005
0.0,0.2904962946610118
0.0,0.28292801224999864
0.0,0.28071521154424206
0.0,0.2679830390862466
0.0,0.2620856698280045
0.0,0.24855366673801277
0.0,0.24325876149800058
0.0,0.1825176312702483
