birth,death
0.0,0.010783706854500367
0.0,0.007645163824998762
0.0,0.006023090650001646
0.0,0.005953732964499674
0.0,0.005816583521999878
0.0,0.005745521560500769
