birth,death
0.004449165606249876,0.007900377622584484
0.004506211405250369,0.006142100880850506
0.006023090650001646,0.007288227302619275
0.005952829808250902,0.006995514032153838
0.0056599244312501365,0.006635825580376923
0.005816583521999878,0.0066892029935851464
0.005953732964499674,0.006421597661019312
0.00470225553249863,0.005151018777517807
0.004838189667999247,0.0050842083045526225
0.006336407288499935,0.0064377977679100935
0.004476734703249859,0.004481475986996114
