birth,death
0.0,0.004627774956249711
0.0,0.004465785901248454
0.0,0.0038288814862505044
0.0,0.003596130686251529
0.0,0.0032759056722503413
0.0,0.0027680614872500715
0.0,0.0025828857122503594
0.0,0.00235770530000025
0.0,0.0022695091892488855
0.0,0.0021629235172490155
0.0,0.0020012574612499902
0.0,0.0017366506952498735
0.0,0.001732136224250011
