birth,death
0.011505343226500334,0.01800606250443428
0.01929378105699964,0.019648990305582037
0.009477479721999908,0.009832188103812489
0.01665643729699918,0.016695692381232072
