birth,death
0.0,1.3418560136772537
0.0,1.1144128791542416
0.0,0.9737914591722491
0.0,0.9379260260100005
0.0,0.797830460199253
0.0,0.7565336227299988
0.0,0.5393377636000036
0.0,0.4903617755972499
