birth,death
0.0,0.9379260260100005
0.0,0.8253738460450034
0.0,0.7373376144992569
0.0,0.5401950812822371
0.0,0.5393377636000036
0.0,0.5327780002872551
0.0,0.4903617755972499
0.0,0.39159292531225076
0.0,0.34088621584224676
0.0,0.3142534539250051
0.0,0.3035991904249999
0.0,0.2908020712742537
