birth,death
5.663331638539254,9.496912899122462
9.202926310798244,9.203568197805883
