birth,death
0.5327780002872551,0.740336316660273
1.093785131080247,1.2955712868651945
0.2683855626572486,0.45983549767053006
0.7232933998052544,0.8433379787446218
0.7565336227299988,0.8114475269737629
0.7585735781250028,0.8042950916754346
0.7373376144992569,0.7560936285577474
1.1144128791542416,1.1235530082712786
0.5401950812822371,0.5470959549784483
0.8533156469489891,0.857630063639361
0.45655441913049544,0.4596888789018875
