birth,death
0.575245748157245,1.161192635603164
1.0343851416402483,1.2383231733627214
1.0500030891362515,1.2228215691962014
0.7565336227299988,0.8433379787446218
0.6927385706499949,0.740336316660273
1.1144128791542416,1.1235530082712786
0.8533156469489891,0.857630063639361
0.9748831992972506,0.9776601652713752
