birth,death
0.0,5.5042567715725
0.0,4.707148833489996
0.0,4.573272475917253
