birth,death
1.0343851416402483,1.2383231733627214
1.7221800456249972,1.9234229641669836
1.8245929188249952,1.9128412593723982
2.3307651326992507,2.4111252341567972
0.9748831992972506,0.9776601652713752
