birth,death
0.0,0.8253738460450034
0.0,0.39159292531225076
0.0,0.33962514484999173
0.0,0.333653036592251
0.0,0.3035991904249999
0.0,0.2908020712742537
0.0,0.24784245172899927
0.0,0.24066009275725136
0.0,0.23829264915624698
0.0,0.22912252549424794
0.0,0.22732683458425046
0.0,0.21594631212249965
0.0,0.20830439191250272
0.0,0.2045004111102485
0.0,0.20234598891300085
0.0,0.19642478224725027
0.0,0.1950790955720052
0.0,0.18911442249999533
0.0,0.1839088322972507
0.0,0.17052445585624795
