birth,death
0.0,0.8253738460450034
0.0,0.5370234044849933
0.0,0.39159292531225076
0.0,0.34088621584224676
0.0,0.33962514484999173
0.0,0.333653036592251
0.0,0.3269387448999983
0.0,0.3142534539250051
0.0,0.3035991904249999
0.0,0.2908020712742537
0.0,0.2579903244542511
0.0,0.24066009275725136
0.0,0.23322675917049993
0.0,0.22912252549424794
0.0,0.22732683458425046
0.0,0.20234598891300085
