ID,Start_Lat,Start_Lng,State,County,City
A-3511502,40.769883,-111.93923,UT,Salt Lake,Salt Lake City
A-3511296,40.69661,-111.98046200000002,UT,Salt Lake,West Valley City
A-3511664,40.559203,-111.89846599999998,UT,Salt Lake,South Jordan
A-3511286,40.347206,-111.764297,UT,Utah,Pleasant Grove
A-3511045,40.6206,-111.897009,UT,Salt Lake,Midvale
