birth,death
0.0023425995622503785,0.003270694503318891
0.001973110020499891,0.00234586535113108
0.0021192244022505565,0.002382120855245366
0.0028345588000007163,0.0030134636308404086
0.003344648637250256,0.003429896930525955
0.0018240005312497656,0.0018775311272831658
0.005241686580999931,0.005256168326438692
0.0020624523459996727,0.0020698622792941403
