birth,death
0.0,0.016121508325000332
0.0,0.012881548935999403
0.0,0.011476939260999977
