birth,death
0.0,0.012881548935999403
0.0,0.008318869250000034
0.0,0.006207133865000332
0.0,0.005241686580999931
