birth,death
0.0,0.004564827567250315
0.0,0.004014887573249878
0.0,0.0036805032422502697
0.0,0.003344648637250256
0.0,0.0029566784249994644
0.0,0.00282420922224996
0.0,0.0021805448062497497
