birth,death
0.0,0.023339463448998683
0.0,0.02284416495400049
