birth,death
0.006207133865000332,0.007212736419720998
0.004041925501000172,0.004884546146307709
0.003344648637250256,0.003429896930525955
0.005241686580999931,0.005256168326438692
0.0036805032422502697,0.003690906905106057
0.004014887573249878,0.004021286097692583
