birth,death
0.023339463448998683,0.024276904025326132
0.02284416495400049,0.023563819260464847
