birth,death
0.0,0.0018688387249997927
0.0,0.001637518599999964
0.0,0.0014563580005003466
0.0,0.0012011466010000932
0.0,0.0011251061704998428
0.0,0.0009310464752502041
0.0,0.000930108999999651
0.0,0.0008701056250003784
0.0,0.0008576331860001118
0.0,0.0007797042639998403
0.0,0.0006952644500001967
0.0,0.0006513651089999574
0.0,0.0005804613250000524
0.0,0.000565329025000028
0.0,0.0005620223072499448
0.0,0.0005261193460000396
0.0,0.0004961382204999665
