birth,death
0.0,0.0029566784249994644
0.0,0.0021805448062497497
0.0,0.0021442081160002284
0.0,0.001973110020499891
0.0,0.0018240005312497656
0.0,0.0017133964090002396
0.0,0.0015901930759998468
0.0,0.0014563580005003466
0.0,0.0011446047762499422
0.0,0.0011251061704998428
