birth,death
0.0,0.0029566784249994644
0.0,0.00282420922224996
0.0,0.0021805448062497497
0.0,0.0021442081160002284
0.0,0.0021192244022505565
0.0,0.0020624523459996727
0.0,0.0018240005312497656
0.0,0.0017133964090002396
0.0,0.0015901930759998468
