birth,death
0.005323698178250196,0.00793144072856158
0.006207133865000332,0.007212736419720998
0.004041925501000172,0.004884546146307709
0.005241686580999931,0.005256168326438692
