birth,death
0.0023425995622503785,0.003270694503318891
0.004041925501000172,0.004884546146307709
0.0028345588000007163,0.0030134636308404086
0.003344648637250256,0.003429896930525955
0.005241686580999931,0.005256168326438692
0.0036805032422502697,0.003690906905106057
0.004014887573249878,0.004021286097692583
