birth,death
0.0,0.010608571407248912
0.0,0.005323698178250196
0.0,0.005241686580999931
0.0,0.004564827567250315
0.0,0.004014887573249878
