birth,death
0.0,0.0018688387249997927
0.0,0.001637518599999964
0.0,0.0015901930759998468
0.0,0.0014674444062500133
0.0,0.0014563580005003466
0.0,0.0012585076639995431
0.0,0.0011446047762499422
0.0,0.0011251061704998428
0.0,0.0009336591859999146
0.0,0.0009310464752502041
0.0,0.000930108999999651
0.0,0.0008576331860001118
0.0,0.0006513651089999574
0.0,0.0005804613250000524
