birth,death
0.0020801637122500336,0.003270694503318891
0.0021442081160002284,0.002770263843552734
0.0023425995622503785,0.0027200811568106834
0.001973110020499891,0.00234586535113108
0.0021805448062497497,0.002482874120192973
0.0021192244022505565,0.002382120855245366
0.0028345588000007163,0.0030134636308404086
0.0017133964090002396,0.001857591681109579
0.0018240005312497656,0.0018775311272831658
0.0026704974499999405,0.0027109599233574185
0.0020624523459996727,0.0020698622792941403
