birth,death
0.006207133865000332,0.007212736419720998
0.004041925501000172,0.004884546146307709
0.011476939260999977,0.011769902501782219
0.008318869250000034,0.008421290659074055
