birth,death
0.023339463448998683,0.024276904025326132
0.011476939260999977,0.011769902501782219
