birth,death
0.0,0.0057751181122505935
0.0,0.005744857061250122
0.0,0.005617012435248382
0.0,0.005362190499999779
0.0,0.0051885063605001495
0.0,0.005147827754500489
0.0,0.005119624360249951
0.0,0.004960124040500152
0.0,0.0049490718499995996
0.0,0.004803625011250225
0.0,0.004643062407249987
0.0,0.004109722425001512
0.0,0.003149447584499651
0.0,0.0031133319845000943
0.0,0.0028858664672510017
