birth,death
0.0,0.01861575145525017
0.0,0.012652009925001317
0.0,0.012234708756249777
0.0,0.012234358782500607
0.0,0.01196650161425013
0.0,0.010743526060249507
0.0,0.01031243295700051
