birth,death
0.012432856036249813,0.021717533400507683
0.018474908890249803,0.01933598357012689
0.020060163011249892,0.02066519463776302
0.01941351319699974,0.019894330513680815
0.021316872751251534,0.021380995671951984
