birth,death
0.0,0.8702391907512624
0.0,0.3793280967652433
0.0,0.36246766931050106
0.0,0.3245046328752538
0.0,0.31582817012500664
0.0,0.3074456940250001
0.0,0.2794464184584978
0.0,0.272241953125004
0.0,0.27088166722499757
