birth,death
0.4138378978499939,0.6198730812198213
0.35179620445525034,0.5385650784079448
0.42379252618049335,0.4936149751350554
0.500919151590502,0.5352093223211031
0.5998655727249945,0.6099253832021945
0.5032426644999966,0.5119059985538885
