birth,death
0.3245046328752538,0.5342262469753098
0.14522526365000052,0.21727135901395378
0.31582817012500664,0.38455305616034
0.3106633342499864,0.3588701063557663
0.16917832187049975,0.20938271881531445
0.2794464184584978,0.3015423424891318
0.272241953125004,0.2890720342440346
0.33917092502501067,0.34660914149292976
0.3430907847249988,0.3462685062952203
0.35179620445525034,0.3523987420225635
