birth,death
0.0,0.21305261908800266
0.0,0.20080845182500504
0.0,0.1817065580904988
0.0,0.1736346601712529
0.0,0.15716460845000232
0.0,0.1557637494505017
0.0,0.13218799060000075
0.0,0.12054527378649826
0.0,0.10543853192500705
0.0,0.10315438672499837
0.0,0.09552421682499482
0.0,0.09111862169999699
0.0,0.08830220242500657
0.0,0.07398246082224866
0.0,0.07371309602499937
0.0,0.06547399584999913
0.0,0.06212363124999939
0.0,0.062092872832245856
