birth,death
0.008504791232498771,0.013129273762108729
0.010456545225249223,0.011016725016406761
0.007429225156249702,0.007895364245177307
0.008244623136250545,0.008467785957028538
