birth,death
0.0,12.405266288563283
0.0,0.3125498752112494
0.0,0.06796561571600035
0.0,0.019087592512249316
0.0,0.011174445556250124
0.0,0.008980717906250078
0.0,0.006576366003250321
