birth,death
0.07888851415624845,0.07991513114693294
0.017400190242500696,0.017735527527424917
0.3481513459089986,0.348166585200611
