birth,death
0.0,12.405266288563283
0.0,0.3022756637062512
0.0,0.05461263562624942
0.0,0.008058885842250233
0.0,0.00630352513249984
0.0,0.0052839947059995646
0.0,0.005029275642500399
0.0,0.004847478428249868
0.0,0.004553184769249961
0.0,0.004520226987250247
