birth,death
0.14367130396225045,0.14374710209819153
