birth,death
0.0,12.405266288563283
0.0,0.3125498752112494
0.0,0.07907248603824998
0.0,0.06796561571600035
