birth,death
0.0,0.010603305514250299
0.0,0.00838542342625178
0.0,0.007627953469250025
0.0,0.004970159601249823
0.0,0.004409221369998144
0.0,0.004244645125250027
0.0,0.004183859360250024
