birth,death
0.015666225384999503,0.020907926062677266
0.016442946636997902,0.019483192891512194
0.0161915051982467,0.01786004787359545
