birth,death
0.010603305514250299,0.01349182740462332
0.0025482140342496405,0.004592534734147743
0.00542427415850137,0.006213756096577476
0.007342683751249737,0.008036759592162459
0.0025777142982485427,0.003026119023427779
0.004409221369998144,0.004786902921225191
0.01294212312324909,0.013245738027719124
0.003269889574250257,0.0033782109375129184
0.006923600880251677,0.006980882544671083
0.004970159601249823,0.004970279400596116
