birth,death
0.0,0.005578346655250235
0.0,0.00365187137125036
0.0,0.003477777450249524
0.0,0.002630661249250427
0.0,0.0024762041224998615
0.0,0.0020086820359994416
0.0,0.001941465578000139
0.0,0.0016939602124998732
0.0,0.0015149200049997358
0.0,0.0014957861120006317
0.0,0.0014899196650004932
0.0,0.001426277678499903
0.0,0.0012775379202505917
0.0,0.001251828624250158
0.0,0.0012380045905001098
