birth,death
0.0,0.014895304994000285
0.0,0.014876834238498341
0.0,0.010603305514250299
0.0,0.007971900786249927
