birth,death
0.0,0.031023763808500814
0.0,0.015666225384999503
