birth,death
0.0,0.005578346655250235
0.0,0.004244645125250027
0.0,0.004183859360250024
0.0,0.003477777450249524
0.0,0.002630661249250427
0.0,0.0024762041224998615
0.0,0.0024531671102489337
0.0,0.002279705712250304
0.0,0.001941465578000139
0.0,0.0016939602124998732
0.0,0.0015149200049997358
0.0,0.0014899196650004932
