birth,death
0.015666225384999503,0.020907926062677266
0.00542427415850137,0.006213756096577476
0.007342683751249737,0.008036759592162459
0.01294212312324909,0.013245738027719124
0.007971900786249927,0.008156224633805172
0.014895304994000285,0.014968439607752421
0.016442946636997902,0.016484452093656097
