birth,death
0.0,0.005578346655250235
0.0,0.004970159601249823
0.0,0.004409221369998144
0.0,0.004244645125250027
0.0,0.004183859360250024
0.0,0.00408929666624948
0.0,0.0025482140342496405
0.0,0.0024762041224998615
0.0,0.002279705712250304
0.0,0.001941465578000139
