birth,death
0.010603305514250299,0.01349182740462332
0.0025777142982485427,0.004592534734147743
0.00542427415850137,0.006213756096577476
0.007342683751249737,0.008036759592162459
0.01294212312324909,0.013245738027719124
0.007971900786249927,0.008156224633805172
0.006923600880251677,0.006980882544671083
0.0061609999205005685,0.0061986419605870625
0.00838542342625178,0.008385879599043605
