birth,death
0.0,0.0072907949402503495
0.0,0.007020516076249874
0.0,0.006506408513249955
0.0,0.0054175044724981605
0.0,0.005416809267249975
0.0,0.004856402133250051
0.0,0.004698985524500129
0.0,0.004460182780250276
0.0,0.004243222914250065
0.0,0.0038911248580004304
0.0,0.003530797262499877
0.0,0.0026209429145000566
