birth,death
0.0,0.024077190291247216
0.0,0.016896573686250322
0.0,0.016656633840250377
0.0,0.008090369416002278
0.0,0.007650080868250158
