birth,death
0.0,0.0062330640250002015
0.0,0.004856402133250051
0.0,0.0038911248580004304
0.0,0.003530797262499877
0.0,0.00343609177050031
0.0,0.002862148155249879
0.0,0.0028237345504999348
0.0,0.0027397124132496845
0.0,0.0026209429145000566
0.0,0.002452455624998902
0.0,0.0023967395765013594
0.0,0.002396252348498978
0.0,0.002365953197000224
0.0,0.0021263133452499115
0.0,0.0020117712782501173
0.0,0.0019339385585008823
0.0,0.0018467095442507458
0.0,0.0017132233769990774
