birth,death
0.025467434150500505,0.029796391897942538
0.025077861452500974,0.02797451215828206
0.02009744564425086,0.021016324425459053
