{"available":true,"displayed_count":112,"error":{"correlation":0.13079388739708703,"mean_lat":0.03034051991757991,"mean_lng":0.027213496170503504,"std_lat":0.09363835697356171,"std_lng":0.10450752928894702},"exact_count":429,"original":{"correlation":-0.38255722210907245,"mean_lat":33.53233084615385,"mean_lng":-112.00097106759908,"std_lat":0.7100094751742487,"std_lng":0.7100116477411018},"reduced":{"correlation":-0.2517633347119854,"mean_lat":33.56267136607143,"mean_lng":-111.97375757142858,"std_lat":0.8036478321478104,"std_lng":0.8145191770300488}}