{"available":true,"displayed_count":186,"error":{"correlation":0.018826478649071353,"mean_lat":0.003666585901363817,"mean_lng":0.008215143494325616,"std_lat":0.004936825715551485,"std_lng":0.0019707737551902943},"exact_count":716,"original":{"correlation":0.0446389780487569,"mean_lat":35.2149306396648,"mean_lng":-80.84035443715084,"std_lat":0.0840017287202155,"std_lng":0.07203490953687845},"reduced":{"correlation":0.025812499399685544,"mean_lat":35.211264053763436,"mean_lng":-80.84856958064516,"std_lat":0.07906490300466401,"std_lng":0.07006413578168816}}