{"available":true,"displayed_count":63,"error":{"correlation":0.010654895536154951,"mean_lat":0.7984251439692329,"mean_lng":0.60867487694712,"std_lat":0.30318239359168375,"std_lng":0.6107919178873247},"exact_count":6323,"original":{"correlation":-0.6593657108089224,"mean_lat":27.43951834809426,"mean_lng":-81.44445542464021,"std_lat":1.1679375825937848,"std_lng":1.014550165795276},"reduced":{"correlation":-0.6700206063450773,"mean_lat":28.237943492063494,"mean_lng":-82.05313030158733,"std_lat":1.4711199761854685,"std_lng":1.6253420836826007}}