{"available":true,"displayed_count":66,"error":{"correlation":0.05745894219999731,"mean_lat":0.06342512121212707,"mean_lng":0.03887075757577918,"std_lat":0.02201757047117625,"std_lng":0.07010023989659908},"exact_count":132,"original":{"correlation":0.2984100477421962,"mean_lat":40.35702866666667,"mean_lng":-111.91012453030304,"std_lat":0.8826152258291889,"std_lng":0.5566586614368562},"reduced":{"correlation":0.2409511055421989,"mean_lat":40.293603545454545,"mean_lng":-111.87125377272726,"std_lat":0.9046327963003652,"std_lng":0.6267589013334552}}