{"available":true,"displayed_count":88,"error":{"correlation":0.14599612527284533,"mean_lat":0.03330759797633931,"mean_lng":0.004273884526767802,"std_lat":0.029843701299003433,"std_lng":0.02498685866483158},"exact_count":2920,"original":{"correlation":0.5650759287160747,"mean_lat":41.901821595205476,"mean_lng":-88.03341585410959,"std_lat":0.4965988256039529,"std_lng":0.3598442786634068},"reduced":{"correlation":0.71107205398892,"mean_lat":41.935129193181815,"mean_lng":-88.03768973863636,"std_lat":0.4667551243049495,"std_lng":0.3348574199985752}}