{"available":true,"displayed_count":429,"error":{"correlation":0.0,"mean_lat":0.0,"mean_lng":0.0,"std_lat":0.0,"std_lng":0.0},"exact_count":429,"original":{"correlation":-0.38255722210907245,"mean_lat":33.53233084615385,"mean_lng":-112.00097106759908,"std_lat":0.7100094751742487,"std_lng":0.7100116477411018},"reduced":{"correlation":-0.38255722210907245,"mean_lat":33.53233084615385,"mean_lng":-112.00097106759908,"std_lat":0.7100094751742487,"std_lng":0.7100116477411018}}