{"available":true,"displayed_count":3162,"error":{"correlation":0.0015762760524183905,"mean_lat":0.01870920546301491,"mean_lng":0.017450688081069643,"std_lat":0.0008357242617622607,"std_lng":0.00925502098281128},"exact_count":6323,"original":{"correlation":-0.6593657108089224,"mean_lat":27.43951834809426,"mean_lng":-81.44445542464021,"std_lat":1.1679375825937848,"std_lng":1.014550165795276},"reduced":{"correlation":-0.657789434756504,"mean_lat":27.420809142631246,"mean_lng":-81.42700473655914,"std_lat":1.168773306855547,"std_lng":1.0052951448124647}}