{"applied_min_pixel_distance":null,"available":true,"baseline_distances":null,"baseline_equivalent_percentage":null,"baseline_key":null,"baseline_label":null,"baseline_n_points":null,"baseline_percentage":null,"baseline_source_county":null,"baseline_source_percentage":null,"baseline_source_state":null,"baseline_source_zoom":null,"complete":null,"country_min_distance":null,"country_min_pixel_distance":null,"current_distances":{"bottleneck_h0":0.3309175372123718,"bottleneck_h1":0.050620317459106445,"wasserstein_h0":3.029305156874001,"wasserstein_h1":0.1256109049782887},"current_label":null,"current_percentage":null,"displayed_count":100,"distances":{"bottleneck_h0":0.3309175372123718,"bottleneck_h1":0.050620317459106445,"wasserstein_h0":3.029305156874001,"wasserstein_h1":0.1256109049782887},"exact_count":199,"normalized_distances":null,"original":{"h0":[[0.0,1.9073486328125e-06],[0.0,1.9073486328125e-06],[0.0,1.9073486328125e-06],[0.0,1.9073486328125e-06],[0.0,1.9073486328125e-06],[0.0,1.9073486328125e-06],[0.0,1.9073486328125e-06],[0.0,1.9073486328125e-06],[0.0,1.9073486328125e-06],[0.0,1.9073486328125e-06],[0.0,1.9310433344799094e-05],[0.0,0.0002445909776724875],[0.0,0.000537412182893604],[0.0,0.0006289567099884152],[0.0,0.0011053509078919888],[0.0,0.0011604699539020658],[0.0,0.0016860357718542218],[0.0,0.001773251686245203],[0.0,0.0023771889973431826],[0.0,0.0025167251005768776],[0.0,0.0027885378804057837],[0.0,0.002866774797439575],[0.0,0.003190531861037016],[0.0,0.0033331778831779957],[0.0,0.0033898816909641027],[0.0,0.003491847775876522],[0.0,0.003781291889026761],[0.0,0.004041153471916914],[0.0,0.004073978401720524],[0.0,0.0052385879680514336],[0.0,0.005551324225962162],[0.0,0.005589105188846588],[0.0,0.00590122863650322],[0.0,0.006001666653901339],[0.0,0.006339205428957939],[0.0,0.006468069739639759],[0.0,0.006508256308734417],[0.0,0.006570996716618538],[0.0,0.007097323425114155],[0.0,0.007433256134390831],[0.0,0.007572537288069725],[0.0,0.008608879521489143],[0.0,0.008782192133367062],[0.0,0.009189664386212826],[0.0,0.00922019500285387],[0.0,0.009942001663148403],[0.0,0.010062862187623978],[0.0,0.010099628940224648],[0.0,0.010151143185794353],[0.0,0.010352869518101215],[0.0,0.010403163731098175],[0.0,0.01060615386813879],[0.0,0.010765675455331802],[0.0,0.011342424899339676],[0.0,0.012051892466843128],[0.0,0.013049137778580189],[0.0,0.013401645235717297],[0.0,0.013606773689389229],[0.0,0.013623836450278759],[0.0,0.013932256028056145],[0.0,0.013950089924037457],[0.0,0.0142781101167202],[0.0,0.014687171205878258],[0.0,0.015048772096633911],[0.0,0.015249058604240417],[0.0,0.016876889392733574],[0.0,0.01717234030365944],[0.0,0.017291661351919174],[0.0,0.01752740889787674],[0.0,0.01776636205613613],[0.0,0.017977911978960037],[0.0,0.018225476145744324],[0.0,0.018398288637399673],[0.0,0.01840115524828434],[0.0,0.018478289246559143],[0.0,0.01867256872355938],[0.0,0.01899711787700653],[0.0,0.020078172907233238],[0.0,0.02009637840092182],[0.0,0.020113440230488777],[0.0,0.020291181281208992],[0.0,0.020741842687129974],[0.0,0.022007178515195847],[0.0,0.02263248711824417],[0.0,0.022893110290169716],[0.0,0.02299339324235916],[0.0,0.023004265502095222],[0.0,0.02306658774614334],[0.0,0.02311563305556774],[0.0,0.023667585104703903],[0.0,0.02469664067029953],[0.0,0.02491668611764908],[0.0,0.025486232712864876],[0.0,0.02634146623313427],[0.0,0.026509998366236687],[0.0,0.026633499190211296],[0.0,0.02680329792201519],[0.0,0.02731182985007763],[0.0,0.02748861536383629],[0.0,0.027512624859809875],[0.0,0.028675341978669167],[0.0,0.029020629823207855],[0.0,0.02910538762807846],[0.0,0.029268359765410423],[0.0,0.031272146850824356],[0.0,0.03127693384885788],[0.0,0.03225000202655792],[0.0,0.03368261456489563],[0.0,0.0343056321144104],[0.0,0.03473145514726639],[0.0,0.03485588729381561],[0.0,0.03573667258024216],[0.0,0.036549270153045654],[0.0,0.03815699368715286],[0.0,0.03871486708521843],[0.0,0.0388198085129261],[0.0,0.038866590708494186],[0.0,0.04081946983933449],[0.0,0.04089835286140442],[0.0,0.04213240370154381],[0.0,0.042579807341098785],[0.0,0.042717643082141876],[0.0,0.04399409145116806],[0.0,0.04556311294436455],[0.0,0.04692714288830757],[0.0,0.047461800277233124],[0.0,0.047707341611385345],[0.0,0.04811955243349075],[0.0,0.04871230944991112],[0.0,0.04960930719971657],[0.0,0.05211504548788071],[0.0,0.0528431236743927],[0.0,0.05452018976211548],[0.0,0.055012185126543045],[0.0,0.05594508349895477],[0.0,0.05641522258520126],[0.0,0.056547243148088455],[0.0,0.05676400661468506],[0.0,0.05687405914068222],[0.0,0.05792053043842316],[0.0,0.05925724282860756],[0.0,0.06030074879527092],[0.0,0.06206013634800911],[0.0,0.06650830060243607],[0.0,0.06919392943382263],[0.0,0.07209910452365875],[0.0,0.07941761612892151],[0.0,0.07945521175861359],[0.0,0.08291231840848923],[0.0,0.08386508375406265],[0.0,0.08559048920869827],[0.0,0.09147154539823532],[0.0,0.09613843262195587],[0.0,0.09819125384092331],[0.0,0.10094432532787323],[0.0,0.10395270586013794],[0.0,0.10557584464550018],[0.0,0.10742970556020737],[0.0,0.1354731172323227],[0.0,0.13548798859119415],[0.0,0.13807173073291779],[0.0,0.1405571848154068],[0.0,0.1408437341451645],[0.0,0.14386910200119019],[0.0,0.15329913794994354],[0.0,0.15668661892414093],[0.0,0.16421456634998322],[0.0,0.17094561457633972],[0.0,0.22472037374973297],[0.0,0.23377160727977753],[0.0,0.3276786804199219],[0.0,0.39479008316993713],[0.0,0.4410804212093353],[0.0,0.4466308653354645],[0.0,0.45192521810531616],[0.0,0.5003111958503723],[0.0,0.62803715467453],[0.0,0.6636608839035034],[0.0,0.6758745908737183],[0.0,0.8837878704071045],[0.0,0.951235830783844],[0.0,0.9682251811027527],[0.0,1.213260293006897]],"h1":[[0.10223738849163055,0.10232652723789215],[0.07371751964092255,0.07412111759185791],[0.05753343924880028,0.06233734264969826],[0.05324583873152733,0.07926206290721893],[0.05256854370236397,0.11017180234193802]]},