{"available":true,"displayed_count":52,"error":{"correlation":0.03581978293579972,"mean_lat":0.052739645728635764,"mean_lng":0.23716206648627747,"std_lat":0.09520774672635235,"std_lng":0.30780834671752433},"exact_count":199,"original":{"correlation":0.038363071207345494,"mean_lat":39.52555714572864,"mean_lng":-105.32470524120603,"std_lat":0.48020834354774433,"std_lng":0.8424264531476124},"reduced":{"correlation":0.0025432882715457745,"mean_lat":39.472817500000005,"mean_lng":-105.56186730769231,"std_lat":0.5754160902740967,"std_lng":1.1502347998651368}}