{"available":true,"displayed_count":485,"error":{"correlation":0.011242885979567352,"mean_lat":0.0047491247422613014,"mean_lng":0.030441773195875044,"std_lat":6.83680736492942e-05,"std_lng":0.011760551550991427},"exact_count":970,"original":{"correlation":0.5738316771838443,"mean_lat":35.3540332443299,"mean_lng":-80.46475540412372,"std_lat":0.3061944917115558,"std_lng":0.8679310616074577},"reduced":{"correlation":0.5850745631634117,"mean_lat":35.35878236907216,"mean_lng":-80.4951971773196,"std_lat":0.3062628597852051,"std_lng":0.8561705100564663}}