{"available":true,"displayed_count":53,"error":{"correlation":0.010937410483517263,"mean_lat":0.0005701205188728409,"mean_lng":0.0059985341981416695,"std_lat":0.000731381157875223,"std_lng":0.01088530926284878},"exact_count":80,"original":{"correlation":-0.07101127855482756,"mean_lat":40.6929951625,"mean_lng":-111.92034493749998,"std_lat":0.06198452069739742,"std_lng":0.07426934450722941},"reduced":{"correlation":-0.08194868903834482,"mean_lat":40.69356528301887,"mean_lng":-111.92634347169812,"std_lat":0.061253139539522196,"std_lng":0.08515465377007819}}