{"available":true,"displayed_count":118,"error":{"correlation":0.03159353775048873,"mean_lat":0.016599402479755554,"mean_lng":0.2768122236787036,"std_lat":0.017100884438731923,"std_lng":0.22386864137830043},"exact_count":203,"original":{"correlation":0.1353410691481391,"mean_lat":44.74240581773399,"mean_lng":-121.90640805418718,"std_lat":1.0992646636404328,"std_lng":1.8366444915081612},"reduced":{"correlation":0.10374753139765036,"mean_lat":44.72580641525423,"mean_lng":-121.62959583050848,"std_lat":1.082163779201701,"std_lng":2.0605131328864617}}