{"available":true,"displayed_count":34,"error":{"correlation":0.13405489132767628,"mean_lat":0.32130151960785014,"mean_lng":0.06200846969694851,"std_lat":0.25619245861639006,"std_lng":0.21365821020031683},"exact_count":132,"original":{"correlation":0.2984100477421962,"mean_lat":40.35702866666667,"mean_lng":-111.91012453030304,"std_lat":0.8826152258291889,"std_lng":0.5566586614368562},"reduced":{"correlation":0.4324649390698725,"mean_lat":40.03572714705882,"mean_lng":-111.97213299999999,"std_lat":1.138807684445579,"std_lng":0.770316871637173}}