{"available":true,"displayed_count":64,"error":{"correlation":0.11278504723780908,"mean_lat":0.03509923120300584,"mean_lng":0.06109914262218297,"std_lat":0.024210284730629958,"std_lng":0.018411973375420734},"exact_count":266,"original":{"correlation":-0.4469454550994148,"mean_lat":39.02748001879699,"mean_lng":-77.50051845112782,"std_lat":0.0747135260279538,"std_lng":0.09173212460418598},"reduced":{"correlation":-0.5597305023372239,"mean_lat":39.06257925,"mean_lng":-77.56161759375,"std_lat":0.09892381075858375,"std_lng":0.11014409797960671}}