{"available":true,"displayed_count":151,"error":{"correlation":0.11145889201905132,"mean_lat":0.6934294501430145,"mean_lng":0.7416124476734467,"std_lat":0.10116236233379217,"std_lng":0.6747317220642164},"exact_count":1373,"original":{"correlation":0.12203337794456942,"mean_lat":38.50558294683176,"mean_lng":-77.45050595630008,"std_lat":0.7106911631247124,"std_lng":0.7588970166284648},"reduced":{"correlation":0.23349226996362074,"mean_lat":37.812153496688744,"mean_lng":-78.19211840397352,"std_lat":0.8118535254585045,"std_lng":1.4336287386926811}}