{"available":true,"displayed_count":190,"error":{"correlation":0.0496758486710428,"mean_lat":0.004250588747840567,"mean_lng":0.015234843780831397,"std_lat":0.04619235145309508,"std_lng":0.05524314977203448},"exact_count":6323,"original":{"correlation":-0.6593657108089224,"mean_lat":27.43951834809426,"mean_lng":-81.44445542464021,"std_lat":1.1679375825937848,"std_lng":1.014550165795276},"reduced":{"correlation":-0.6096898621378796,"mean_lat":27.4437689368421,"mean_lng":-81.45969026842104,"std_lat":1.2141299340468799,"std_lng":0.9593070160232415}}