{"available":true,"displayed_count":54,"error":{"correlation":0.004858608285343541,"mean_lat":0.002115763425933892,"mean_lng":0.005701062500037324,"std_lat":0.0002667417570642594,"std_lng":0.010120947501366953},"exact_count":80,"original":{"correlation":-0.07101127855482756,"mean_lat":40.6929951625,"mean_lng":-111.92034493749998,"std_lat":0.06198452069739742,"std_lng":0.07426934450722941},"reduced":{"correlation":-0.0758698868401711,"mean_lat":40.69511092592593,"mean_lng":-111.92604600000001,"std_lat":0.06171777894033316,"std_lng":0.08439029200859637}}