{"available":true,"displayed_count":110,"error":{"correlation":0.1724442716987426,"mean_lat":0.7653297831953907,"mean_lng":0.8739431527908295,"std_lat":0.07921501862964941,"std_lng":0.749809176151834},"exact_count":1373,"original":{"correlation":0.12203337794456942,"mean_lat":38.50558294683176,"mean_lng":-77.45050595630008,"std_lat":0.7106911631247124,"std_lng":0.7588970166284648},"reduced":{"correlation":0.294477649643312,"mean_lat":37.74025316363637,"mean_lng":-78.3244491090909,"std_lat":0.7899061817543618,"std_lng":1.5087061927802987}}