{"available":true,"displayed_count":4,"error":{"correlation":1.26371233315795,"mean_lat":0.025888416666667524,"mean_lng":0.5333112803030389,"std_lat":0.07142692446092447,"std_lng":0.3896773542106965},"exact_count":132,"original":{"correlation":0.2984100477421962,"mean_lat":40.35702866666667,"mean_lng":-111.91012453030304,"std_lat":0.8826152258291889,"std_lng":0.5566586614368562},"reduced":{"correlation":-0.9653022854157538,"mean_lat":40.331140250000004,"mean_lng":-111.37681325,"std_lat":0.9540421502901134,"std_lng":0.9463360156475527}}