{"available":true,"displayed_count":252,"error":{"correlation":0.08440178747881216,"mean_lat":0.026453573694972476,"mean_lng":0.016024861749301067,"std_lat":0.00036801841912803557,"std_lng":0.06518913674965499},"exact_count":970,"original":{"correlation":0.5738316771838443,"mean_lat":35.3540332443299,"mean_lng":-80.46475540412372,"std_lat":0.3061944917115558,"std_lng":0.8679310616074577},"reduced":{"correlation":0.48942988970503215,"mean_lat":35.327579670634925,"mean_lng":-80.48078026587302,"std_lat":0.30656251013068386,"std_lng":0.8027419248578027}}