{"applied_min_pixel_distance":17.03787728020304,"available":true,"baseline_distances":{"bottleneck_h0":0.021048828124999724,"bottleneck_h1":0.014660022738925535,"wasserstein_h0":0.1362886573739947,"wasserstein_h1":0.028213821050628307},"baseline_equivalent_percentage":18.939393939393938,"baseline_key":"county_20pct_distance","baseline_label":"County 20% distance","baseline_n_points":25,"baseline_percentage":null,"baseline_source_county":"Mecklenburg","baseline_source_percentage":20,"baseline_source_state":"NC","baseline_source_zoom":"county","complete":true,"country_min_distance":null,"country_min_pixel_distance":null,"current_distances":{"bottleneck_h0":0.0141948664410762,"bottleneck_h1":0.011052282768018,"wasserstein_h0":0.0413422702197464,"wasserstein_h1":0.014490300374976},"current_label":null,"current_percentage":38,"displayed_count":50,"distances":{"bottleneck_h0":0.0141948664410762,"bottleneck_h1":0.011052282768018,"wasserstein_h0":0.0413422702197464,"wasserstein_h1":0.014490300374976},"exact_count":132,"normalized_distances":{"bottleneck_h0":0.6743779918187909,"bottleneck_h1":0.7539062499999946,"wasserstein_h0":0.303343440432446,"wasserstein_h1":0.5135887247946271},"original":{"h0":[[0.0,0.2667072279582495],[0.0,0.2185134790182518],[0.0,0.1137937802724945],[0.0,0.1059147553324985],[0.0,0.0923685016062498],[0.0,0.0919583031732499],[0.0,0.0626640888812501],[0.0,0.05715091808425],[0.0,0.0420976562499994],[0.0,0.0256304175304999],[0.0,0.0204071642682489],[0.0,0.0166934045000005],[0.0,0.0162446175249996],[0.0,0.0146571416545001],[0.0,0.0115427346432494],[0.0,0.011367329450001],[0.0,0.0088963911250005],[0.0,0.0084300152625004],[0.0,0.0058900639752496],[0.0,0.0050843135142503],[0.0,0.0031997000449996],[0.0,0.0031448928499998],[0.0,0.0014823206499999],[0.0,0.0009015694362499],[0.0,0.0008453792762503],[0.0,0.0007942510842499],[0.0,0.0007762722499997],[0.0,0.0006858316250001],[0.0,0.0006641597925],[0.0,0.0006590363962499],[0.0,0.0006513651089999],[0.0,0.000627641849],[0.0,0.0006140640249999],[0.0,0.0005926050312497],[0.0,0.000580461325],[0.0,0.0005599430142499],[0.0,0.000539693713],[0.0,0.0005136355250002],[0.0,0.0005030854825001],[0.0,0.0004286464204997],[0.0,0.0003836780179999],[0.0,0.0003779316249998],[0.0,0.0003288466962498],[0.0,0.0003246194249998],[0.0,0.0003212445205001],[0.0,0.00031544800625],[0.0,0.0002927753],[0.0,0.00027207157],[0.0,0.0002671237562496],[0.0,0.0002184856999999],[0.0,0.0002108222499999],[0.0,0.0002054635249999],[0.0,0.0002029937210002],[0.0,0.00020024325],[0.0,0.000191319449],[0.0,0.0001730825504998],[0.0,0.0001660288499999],[0.0,0.0001492377804999],[0.0,0.00014123513125],[0.0,0.0001337304689999],[0.0,0.0001322582560003],[0.0,0.000129504425],[0.0,0.000126304825],[0.0,0.0001254516249999],[0.0,0.0001155459999997],[0.0,0.0001120658409999],[0.0,0.0001072368409999],[0.0,0.0001025465859999],[0.0,0.0001022124999999],[0.0,8.993176400004425e-05],[0.0,7.394162499999688e-05],[0.0,6.812199999992363e-05],[0.0,6.70602499999832e-05],[0.0,6.646052499990651e-05],[0.0,6.640565000007088e-05],[0.0,6.544129999995756e-05],[0.0,6.476062499998354e-05],[0.0,5.719367024997667e-05],[0.0,5.295856024999917e-05],[0.0,5.1386873000008674e-05],[0.0,4.634981049999437e-05],[0.0,4.550542100000576e-05],[0.0,4.529165000001231e-05],[0.0,4.527011599993195e-05],[0.0,4.525024999998801e-05],[0.0,4.501462499990622e-05],[0.0,4.003838600000233e-05],[0.0,4.0033561250004426e-05],[0.0,3.9702854500015085e-05],[0.0,3.901849999992375e-05],[0.0,3.866232500001337e-05],[0.0,3.410762499999695e-05],[0.0,3.264867425001114e-05],[0.0,2.9274500000052017e-05],[0.0,2.888458000002157e-05],[0.0,2.296362499997742e-05],[0.0,2.2116125000035445e-05],[0.0,2.104553799997272e-05],[0.0,1.858558050001288e-05],[0.0,1.6646625000015212e-05],[0.0,1.6260336249959493e-05],[0.0,1.479369999999459e-05],[0.0,1.4064261249976851e-05],[0.0,1.1380502250014428e-05],[0.0,9.006625000004816e-06],[0.0,6.798324999992927e-06],[0.0,6.41993425001282e-06],[0.0,6.2717512500251135e-06],[0.0,4.826646249995147e-06],[0.0,4.362850000006995e-06],[0.0,3.370899999988416e-06],[0.0,3.068500999995704e-06],[0.0,2.6292012500002866e-06],[0.0,2.536750250016632e-06],[0.0,1.1301650000043303e-06],[0.0,3.469572499992948e-07],[0.0,2.562500000002089e-07],[0.0,1.5336849999979932e-07],[0.0,1.2625000000056616e-08]],"h1":[[0.3576312328864993,0.4691286758810199],[0.2670040926992491,0.2962512698276414],[0.4512629688564947,0.4621790473476748],[0.0141125703602507,0.0161380741912883],[0.0010311519560001,0.0019827597368767],[0.0002355789250001,0.0006865074661344],[0.00039096397,0.000635549506463],[0.1507173350224973,0.1509281997047253],[0.0004380778444999,0.0005731286096041],[0.0001907991939999,0.00028955042292],[0.00208016371225,0.0021619512879451],[0.0018682152312499,0.0019409767193794],[0.0002325811044999,0.0002997323358755],[0.000124370756,0.0001756341075457],[0.00010881163025,0.0001469676528565],[0.0017459093249999,0.0017819869268146],[0.0001630429,0.00019884503214],[0.0370409155999983,0.0370752074071653],[0.00023945265,0.0002726020789878],[0.00031731640625,0.0003481772260964],[0.000526119346,0.0005546150897513],[0.0004742547152499,0.0004933481661639],[0.0004103953849999,0.0004255333871043],[0.0018473784250007,0.0018608669879299],[0.0010323010262498,0.0010451443095908],[0.0005838861890001,0.0005948764469919],[8.509562499993878e-05,9.496416006874124e-05],[8.560942524997393e-05,9.451968214603772e-05],[0.00016040245,0.0001689621632909],[8.026772499998017e-05,8.846034237409739e-05],[0.0016375185999999,0.0016454018071545],[0.0006651276249999,0.0006720611637607],[0.0258848707625005,0.0258911221814756],[0.0002097580160002,0.0002155778812833],[0.000140263525,0.0001459156949469],[0.0001821576689999,0.0001877585897448],[0.0001380347344999,0.0001433257294797],[0.000225372809,0.0002298647258428],[0.0001565038249999,0.0001602336023156],[0.0008047946250001,0.0008071969582922],[3.4141156250023625e-05,3.649316063654002e-05],[0.0002885704999999,0.0002903997834194],[0.0001439922152499,0.0001457032101937],[0.0001790720972498,0.0001802792714454],[1.854339999999745e-05,1.958272630252308e-05],[0.002085495529,0.0020863016127487],[0.0005505406872499,0.0005512655476278],[0.000148436384,0.0001491285694856],[0.000504207709,0.0005047737152827],[0.001429387362,0.0014298761297791],[0.0004063533220002,0.0004067070509986],[0.0009310464752502,0.0009312507627258],[7.895882000002467e-06,8.000588805602926e-06]]},"reduced":{"h0":[[0.0,0.2667072279582495],[0.0,0.2185134790182518],[0.0,0.1137937802724945],[0.0,0.1078778751244987],[0.0,0.097888955220497],[0.0,0.0923685016062498],[0.0,0.0767671804804999],[0.0,0.05715091808425],[0.0,0.0420976562499994],[0.0,0.0256304175304999],[0.0,0.0204071642682489],[0.0,0.0166934045000005],[0.0,0.0162446175249996],[0.0,0.0158247712742502],[0.0,0.0140838328932498],[0.0,0.011367329450001],[0.0,0.0095794994000007],[0.0,0.0084300152625004],[0.0,0.0058900639752496],[0.0,0.0054087624649995],[0.0,0.0050843135142503],[0.0,0.0031448928499998],[0.0,0.0019716685850003],[0.0,0.0018688387249997],[0.0,0.0016375185999999],[0.0,0.0014899662499999],[0.0,0.0014349744739999],[0.0,0.0013696724500001],[0.0,0.0013683875692498],[0.0,0.0013161650000002],[0.0,0.0012529586049999],[0.0,0.0011171786372499],[0.0,0.0011026473250006],[0.0,0.0010322931249998],[0.0,0.0010188771512501],[0.0,0.0009913184499995],[0.0,0.0009469203249998],[0.0,0.0009015694362499],[0.0,0.0008188099999998],[0.0,0.0007762722499997],[0.0,0.0007501105024999],[0.0,0.0007199490125001],[0.0,0.0006513651089999],[0.0,0.0006472069489997],[0.0,0.000627641849],[0.0,0.0005963731249998],[0.0,0.0005926050312497],[0.0,0.000580461325],[0.0,0.000539693713]],