{"available":true,"displayed_count":183,"error":{"correlation":0.020658342970248433,"mean_lat":0.39282174371535206,"mean_lng":0.24820031546002497,"std_lat":0.4928903847196683,"std_lng":0.20907745670071454},"exact_count":2282,"original":{"correlation":-0.38355550308185504,"mean_lat":33.6908235907099,"mean_lng":-84.0889652936021,"std_lat":0.4479248136143815,"std_lng":0.7417346251151957},"reduced":{"correlation":-0.4042138460521035,"mean_lat":33.298001846994545,"mean_lng":-83.84076497814208,"std_lat":0.9408151983340498,"std_lng":0.9508120818159103}}