{"available":true,"displayed_count":16,"error":{"correlation":0.020467147684685577,"mean_lat":0.2420299427339927,"mean_lng":1.2937565541871834,"std_lat":0.10974390927276678,"std_lng":0.596590439474949},"exact_count":203,"original":{"correlation":0.1353410691481391,"mean_lat":44.74240581773399,"mean_lng":-121.90640805418718,"std_lat":1.0992646636404328,"std_lng":1.8366444915081612},"reduced":{"correlation":0.15580821683282467,"mean_lat":44.500375874999996,"mean_lng":-120.6126515,"std_lat":1.2090085729131996,"std_lng":2.4332349309831103}}