{"available":true,"displayed_count":133,"error":{"correlation":0.09782384983421316,"mean_lat":0.0006444624060222282,"mean_lng":0.007417511278191569,"std_lat":0.0031472962952332068,"std_lng":0.003002621119392937},"exact_count":266,"original":{"correlation":-0.4469454550994148,"mean_lat":39.02748001879699,"mean_lng":-77.50051845112782,"std_lat":0.0747135260279538,"std_lng":0.09173212460418598},"reduced":{"correlation":-0.34912160526520164,"mean_lat":39.02683555639097,"mean_lng":-77.49310093984963,"std_lat":0.07156622973272059,"std_lng":0.08872950348479304}}