{"available":true,"displayed_count":217,"error":{"correlation":0.011636398398842757,"mean_lat":0.0014337742440311274,"mean_lng":0.01257869456885885,"std_lat":0.01156888694719399,"std_lng":0.01443780991908486},"exact_count":639,"original":{"correlation":-0.21677072467410108,"mean_lat":27.968479419405323,"mean_lng":-82.40634076369327,"std_lat":0.08725774837429336,"std_lng":0.09491963565175404},"reduced":{"correlation":-0.20513432627525832,"mean_lat":27.967045645161292,"mean_lng":-82.3937620691244,"std_lat":0.09882663532148735,"std_lng":0.1093574455708389}}