{"available":true,"displayed_count":58,"error":{"correlation":0.6071627334752449,"mean_lat":0.2163635660149268,"mean_lng":0.6945651455030202,"std_lat":0.18798638291601544,"std_lng":0.5723646505150365},"exact_count":970,"original":{"correlation":0.5738316771838443,"mean_lat":35.3540332443299,"mean_lng":-80.46475540412372,"std_lat":0.3061944917115558,"std_lng":0.8679310616074577},"reduced":{"correlation":-0.03333105629140055,"mean_lat":35.570396810344825,"mean_lng":-79.7701902586207,"std_lat":0.49418087462757126,"std_lng":1.4402957121224942}}