{"available":true,"displayed_count":138,"error":{"correlation":0.0811816720338378,"mean_lat":0.01065052468126737,"mean_lng":0.02771237495913681,"std_lat":0.012229488852869147,"std_lng":0.010529356158875139},"exact_count":266,"original":{"correlation":-0.4469454550994148,"mean_lat":39.02748001879699,"mean_lng":-77.50051845112782,"std_lat":0.0747135260279538,"std_lng":0.09173212460418598},"reduced":{"correlation":-0.5281271271332526,"mean_lat":39.03813054347826,"mean_lng":-77.52823082608695,"std_lat":0.08694301488082294,"std_lng":0.10226148076306112}}