{"available":true,"displayed_count":85,"error":{"correlation":0.012810492649763056,"mean_lat":0.07457178243986107,"mean_lng":0.43225034830481945,"std_lat":0.012617213610981004,"std_lng":0.3413738017949901},"exact_count":203,"original":{"correlation":0.1353410691481391,"mean_lat":44.74240581773399,"mean_lng":-121.90640805418718,"std_lat":1.0992646636404328,"std_lng":1.8366444915081612},"reduced":{"correlation":0.12253057649837604,"mean_lat":44.66783403529413,"mean_lng":-121.47415770588236,"std_lat":1.1118818772514139,"std_lng":2.1780182933031513}}