{"available":true,"displayed_count":192,"error":{"correlation":0.004684969766846098,"mean_lat":0.004661013155324412,"mean_lng":0.012874805359942343,"std_lat":0.01316796596124778,"std_lng":0.01187396127464263},"exact_count":639,"original":{"correlation":-0.21677072467410108,"mean_lat":27.968479419405323,"mean_lng":-82.40634076369327,"std_lat":0.08725774837429336,"std_lng":0.09491963565175404},"reduced":{"correlation":-0.21208575490725498,"mean_lat":27.96381840625,"mean_lng":-82.39346595833332,"std_lat":0.10042571433554114,"std_lng":0.10679359692639667}}