{"available":true,"displayed_count":172,"error":{"correlation":0.038797957187080456,"mean_lat":0.009553223514991771,"mean_lng":0.02399162498230112,"std_lat":0.037658618812685174,"std_lng":0.0008642386371825461},"exact_count":821,"original":{"correlation":-0.5519163520345783,"mean_lat":41.86682215956151,"mean_lng":-87.78057009013398,"std_lat":0.12895048172706478,"std_lng":0.16909198008842194},"reduced":{"correlation":-0.5907143092216588,"mean_lat":41.857268936046516,"mean_lng":-87.80456171511628,"std_lat":0.16660910053974995,"std_lng":0.1682277414512394}}