{"available":true,"displayed_count":88,"error":{"correlation":0.020372814995063583,"mean_lat":0.0023915661831850343,"mean_lng":0.11658538379397498,"std_lat":0.01655206061451231,"std_lng":0.1664062650348621},"exact_count":199,"original":{"correlation":0.038363071207345494,"mean_lat":39.52555714572864,"mean_lng":-105.32470524120603,"std_lat":0.48020834354774433,"std_lng":0.8424264531476124},"reduced":{"correlation":0.05873588620240908,"mean_lat":39.523165579545456,"mean_lng":-105.44129062500001,"std_lat":0.49676040416225664,"std_lng":1.0088327181824746}}