{"available":true,"displayed_count":175,"error":{"correlation":0.019607025177771353,"mean_lat":0.5466573894911875,"mean_lng":0.4521737344618373,"std_lat":0.6104336603128804,"std_lng":0.4082365851395597},"exact_count":2920,"original":{"correlation":0.5650759287160747,"mean_lat":41.901821595205476,"mean_lng":-88.03341585410959,"std_lat":0.4965988256039529,"std_lng":0.3598442786634068},"reduced":{"correlation":0.5846829538938461,"mean_lat":41.35516420571429,"mean_lng":-88.48558958857143,"std_lat":1.1070324859168332,"std_lng":0.7680808638029665}}