{"available":true,"displayed_count":163,"error":{"correlation":0.04214754893634759,"mean_lat":0.10587055875412688,"mean_lng":0.03347996921073104,"std_lat":0.31272150984394775,"std_lng":0.3606011325815186},"exact_count":429,"original":{"correlation":-0.38255722210907245,"mean_lat":33.53233084615385,"mean_lng":-112.00097106759908,"std_lat":0.7100094751742487,"std_lng":0.7100116477411018},"reduced":{"correlation":-0.34040967317272486,"mean_lat":33.638201404907974,"mean_lng":-112.03445103680981,"std_lat":1.0227309850181965,"std_lng":1.0706127803226204}}