{"available":true,"displayed_count":29810,"error":{"correlation":0.0038115022258857767,"mean_lat":0.003992889446564618,"mean_lng":0.013801016024601154,"std_lat":0.004431645427475317,"std_lng":0.02620783067028043},"exact_count":59619,"original":{"correlation":0.07744519765548882,"mean_lat":36.42839419599457,"mean_lng":-94.65892038630302,"std_lat":5.288566147701765,"std_lng":17.432953833205183},"reduced":{"correlation":0.0812566998813746,"mean_lat":36.432387085441135,"mean_lng":-94.64511937027842,"std_lat":5.28413450227429,"std_lng":17.459161663875463}}