{"available":true,"displayed_count":117,"error":{"correlation":0.15865568135849206,"mean_lat":0.021915697769571807,"mean_lng":0.0428137954630472,"std_lat":0.1329567032628221,"std_lng":0.01604432479564749},"exact_count":2920,"original":{"correlation":0.5650759287160747,"mean_lat":41.901821595205476,"mean_lng":-88.03341585410959,"std_lat":0.4965988256039529,"std_lng":0.3598442786634068},"reduced":{"correlation":0.7237316100745668,"mean_lat":41.879905897435904,"mean_lng":-88.07622964957264,"std_lat":0.629555528866775,"std_lng":0.3758886034590543}}