{"available":true,"displayed_count":68,"error":{"correlation":0.13182213609089577,"mean_lat":0.060243767180480745,"mean_lng":0.10033066228025689,"std_lat":0.08848378926435863,"std_lng":0.07722811237608573},"exact_count":2282,"original":{"correlation":-0.38355550308185504,"mean_lat":33.6908235907099,"mean_lng":-84.0889652936021,"std_lat":0.4479248136143815,"std_lng":0.7417346251151957},"reduced":{"correlation":-0.2517333669909593,"mean_lat":33.630579823529416,"mean_lng":-84.18929595588236,"std_lat":0.5364086028787401,"std_lng":0.66450651273911}}