{"available":true,"displayed_count":214,"error":{"correlation":0.07045747514670153,"mean_lat":0.027294644500358345,"mean_lng":0.0028728809990354875,"std_lat":0.02350347267480779,"std_lng":0.01556466790250044},"exact_count":429,"original":{"correlation":-0.38255722210907245,"mean_lat":33.53233084615385,"mean_lng":-112.00097106759908,"std_lat":0.7100094751742487,"std_lng":0.7100116477411018},"reduced":{"correlation":-0.3120997469623709,"mean_lat":33.559625490654206,"mean_lng":-112.00384394859812,"std_lat":0.7335129478490565,"std_lng":0.6944469798386014}}