{"available":true,"displayed_count":272,"error":{"correlation":0.010091841453639075,"mean_lat":0.00518437504108249,"mean_lng":0.001330062150827871,"std_lat":0.008550500044061826,"std_lng":0.004534466899427339},"exact_count":716,"original":{"correlation":0.0446389780487569,"mean_lat":35.2149306396648,"mean_lng":-80.84035443715084,"std_lat":0.0840017287202155,"std_lng":0.07203490953687845},"reduced":{"correlation":0.05473081950239597,"mean_lat":35.22011501470588,"mean_lng":-80.83902437500001,"std_lat":0.09255222876427732,"std_lng":0.07656937643630579}}