{"available":true,"displayed_count":78,"error":{"correlation":0.4948802762925918,"mean_lat":0.2217533454136813,"mean_lng":0.6275293143801264,"std_lat":0.1581436876308958,"std_lng":0.4840381817430831},"exact_count":970,"original":{"correlation":0.5738316771838443,"mean_lat":35.3540332443299,"mean_lng":-80.46475540412372,"std_lat":0.3061944917115558,"std_lng":0.8679310616074577},"reduced":{"correlation":0.07895140089125252,"mean_lat":35.57578658974358,"mean_lng":-79.8372260897436,"std_lat":0.46433817934245164,"std_lng":1.3519692433505408}}