{"available":true,"displayed_count":291,"error":{"correlation":0.1812520904912861,"mean_lat":0.05189331449061285,"mean_lng":0.09430396443312361,"std_lat":0.0671146242963796,"std_lng":0.010112177072229167},"exact_count":1163,"original":{"correlation":0.7463282964098988,"mean_lat":40.499188067067934,"mean_lng":-74.46841439982803,"std_lat":0.4312280886793263,"std_lng":0.3834577382785352},"reduced":{"correlation":0.5650762059186127,"mean_lat":40.44729475257732,"mean_lng":-74.56271836426116,"std_lat":0.4983427129757059,"std_lng":0.373345561206306}}