{"available":true,"displayed_count":14,"error":{"correlation":0.06453426838888618,"mean_lat":0.15372178858579133,"mean_lng":0.2960191159368293,"std_lat":0.31655915728023154,"std_lng":0.7797558452937992},"exact_count":199,"original":{"correlation":0.038363071207345494,"mean_lat":39.52555714572864,"mean_lng":-105.32470524120603,"std_lat":0.48020834354774433,"std_lng":0.8424264531476124},"reduced":{"correlation":-0.02617119718154069,"mean_lat":39.37183535714285,"mean_lng":-105.62072435714286,"std_lat":0.7967675008279759,"std_lng":1.6221822984414116}}