{"available":true,"displayed_count":152,"error":{"correlation":0.07501706186108009,"mean_lat":0.008759678571429674,"mean_lng":0.02430912124060569,"std_lat":0.010612775639376376,"std_lng":0.010005811224938904},"exact_count":266,"original":{"correlation":-0.4469454550994148,"mean_lat":39.02748001879699,"mean_lng":-77.50051845112782,"std_lat":0.0747135260279538,"std_lng":0.09173212460418598},"reduced":{"correlation":-0.5219625169604949,"mean_lat":39.03623969736842,"mean_lng":-77.52482757236842,"std_lat":0.08532630166733017,"std_lng":0.10173793582912488}}