{"available":true,"displayed_count":593,"error":{"correlation":0.02451583856463674,"mean_lat":0.03588758972854578,"mean_lng":0.02219598970313541,"std_lat":0.05233954020314302,"std_lng":0.022973944594647633},"exact_count":2282,"original":{"correlation":-0.38355550308185504,"mean_lat":33.6908235907099,"mean_lng":-84.0889652936021,"std_lat":0.4479248136143815,"std_lng":0.7417346251151957},"reduced":{"correlation":-0.3590396645172183,"mean_lat":33.72671118043844,"mean_lng":-84.11116128330524,"std_lat":0.3955852734112385,"std_lng":0.7187606805205481}}