{"available":true,"displayed_count":100,"error":{"correlation":0.04412546565095622,"mean_lat":0.015544180335197666,"mean_lng":0.012331977150836337,"std_lat":0.01671751456599932,"std_lng":0.014624286988985727},"exact_count":716,"original":{"correlation":0.0446389780487569,"mean_lat":35.2149306396648,"mean_lng":-80.84035443715084,"std_lat":0.0840017287202155,"std_lng":0.07203490953687845},"reduced":{"correlation":0.0005135123978006716,"mean_lat":35.23047482,"mean_lng":-80.82802246,"std_lat":0.10071924328621482,"std_lng":0.08665919652586418}}