{"applied_min_pixel_distance":null,"available":true,"baseline_distances":null,"baseline_equivalent_percentage":null,"baseline_key":null,"baseline_label":null,"baseline_n_points":null,"baseline_percentage":null,"baseline_source_county":null,"baseline_source_percentage":null,"baseline_source_state":null,"baseline_source_zoom":null,"complete":null,"country_min_distance":null,"country_min_pixel_distance":null,"current_distances":{"bottleneck_h0":0.08752261102199554,"bottleneck_h1":0.030627261847257614,"wasserstein_h0":2.7813950957961926,"wasserstein_h1":0.31841513082880857},"current_label":null,"current_percentage":null,"displayed_count":33,"distances":{"bottleneck_h0":0.08752261102199554,"bottleneck_h1":0.030627261847257614,"wasserstein_h0":2.7813950957961926,"wasserstein_h1":0.31841513082880857},"exact_count":821,"normalized_distances":null,"original":{"h0":[[0.0,1.3486991292666062e-06],[0.0,7.979011570569128e-06],[0.0,1.0002220733440481e-05],[0.0,1.307612365053501e-05],[0.0,3.8218429835978895e-05],[0.0,4.762646130984649e-05],[0.0,5.037350638303906e-05],[0.0,5.796269033453427e-05],[0.0,8.100058767013252e-05],[0.0,8.656925638206303e-05],[0.0,0.0001300008880207315],[0.0,0.00017122637655120343],[0.0,0.00018161424668505788],[0.0,0.0001953519822563976],[0.0,0.0002420003729639575],[0.0,0.0002493963111191988],[0.0,0.0002524446463212371],[0.0,0.0002653203555382788],[0.0,0.00027599933673627675],[0.0,0.0002904497960116714],[0.0,0.00030907877953723073],[0.0,0.0003471322124823928],[0.0,0.0003619994968175888],[0.0,0.00037322918069548905],[0.0,0.00037503294879570603],[0.0,0.0003782710409723222],[0.0,0.00040300385444425046],[0.0,0.00040380647988058627],[0.0,0.0004292636294849217],[0.0,0.00043266345164738595],[0.0,0.0004381155304145068],[0.0,0.0004551355086732656],[0.0,0.00046753001515753567],[0.0,0.0004701063153333962],[0.0,0.0004760927113238722],[0.0,0.0004761500167660415],[0.0,0.0005038488307036459],[0.0,0.0005162347224541008],[0.0,0.0005342704243957996],[0.0,0.0005400929949246347],[0.0,0.0005420160014182329],[0.0,0.0005590190994553268],[0.0,0.0005912903579883277],[0.0,0.0006290795863606036],[0.0,0.0006410479545593262],[0.0,0.0006568788085132837],[0.0,0.0006762391421943903],[0.0,0.0007013508002273738],[0.0,0.0007223577704280615],[0.0,0.0007225214503705502],[0.0,0.0007717529661022127],[0.0,0.0008000616799108684],[0.0,0.0008085955050773919],[0.0,0.0008112478535622358],[0.0,0.0008778674528002739],[0.0,0.0008894034544937313],[0.0,0.0008980564307421446],[0.0,0.000913643860258162],[0.0,0.0009218148770742118],[0.0,0.0009242526139132679],[0.0,0.000952043104916811],[0.0,0.0009643651428632438],[0.0,0.0009711027378216386],[0.0,0.0009720509988255799],[0.0,0.0009798473911359906],[0.0,0.0010172839974984527],[0.0,0.0010427860543131828],[0.0,0.0010820467723533511],[0.0,0.0010868757963180542],[0.0,0.0010912410216405988],[0.0,0.0011194641701877117],[0.0,0.0011669988743960857],[0.0,0.0011781533248722553],[0.0,0.001194247044622898],[0.0,0.0012238060589879751],[0.0,0.0012494364054873586],[0.0,0.0012528370134532452],[0.0,0.0012819760013371706],[0.0,0.0013045560335740447],[0.0,0.0013082867953926325],[0.0,0.0013647349551320076],[0.0,0.001384483533911407],[0.0,0.001385206589475274],[0.0,0.001409631920978427],[0.0,0.001449331408366561],[0.0,0.0014593086671084166],[0.0,0.001554082497023046],[0.0,0.0015730001032352448],[0.0,0.0015743247931823134],[0.0,0.0016196360811591148],[0.0,0.0017303737113252282],[0.0,0.0017770185368135571],[0.0,0.0017791023710742593],[0.0,0.0018325094133615494],[0.0,0.001836355309933424],[0.0,0.0018386479932814837],[0.0,0.0018725914414972067],[0.0,0.0019063694635406137],[0.0,0.0019781601149588823],[0.0,0.0020598447881639004],[0.0,0.0021241253707557917],[0.0,0.0021639091428369284],[0.0,0.0021743327379226685],[0.0,0.0021928069181740284],[0.0,0.0021985413040965796],[0.0,0.0022020614705979824],[0.0,0.0022300889249891043],[0.0,0.002232953440397978],[0.0,0.0023111128248274326],[0.0,0.002345890272408724],[0.0,0.002375394571572542],[0.0,0.0023970811162143946],[0.0,0.002422173973172903],[0.0,0.0024856228847056627],[0.0,0.0024928629864007235],[0.0,0.0025402915198355913],[0.0,0.002541357884183526],[0.0,0.00257883477024734],[0.0,0.002585177542641759],[0.0,0.0026146925520151854],[0.0,0.0026209347415715456],[0.0,0.002621009014546871],[0.0,0.0026313411071896553],[0.0,0.002649204572662711],[0.0,0.0026835843455046415],[0.0,0.0027639330364763737],[0.0,0.0027650713454931974],[0.0,0.002771022031083703],[0.0,0.002790470840409398],[0.0,0.002796444110572338],[0.0,0.0028929049149155617],[0.0,0.002898653270676732],[0.0,0.0029150103218853474],[0.0,0.002929453505203128],[0.0,0.0029598756227642298],[0.0,0.002961214166134596],[0.0,0.0029822001233696938],[0.0,0.00301125505939126],[0.0,0.0030163698829710484],[0.0,0.003063397016376257],[0.0,0.003076686291024089],[0.0,0.0031602606177330017],[0.0,0.0031637351494282484],[0.0,0.0031650501769036055],[0.0,0.00322047621011734],[0.0,0.0032453236635774374],[0.0,0.0033193188719451427],[0.0,0.0033343995455652475],[0.0,0.003390944330021739],[0.0,0.003392687765881419],[0.0,0.003415773157030344],[0.0,0.0034681675024330616],[0.0,0.0035133601631969213],[0.0,0.003513722214847803],[0.0,0.003584011923521757],[0.0,0.0036182322073727846],[0.0,0.003633178537711501],[0.0,0.0036458757240325212],[0.0,0.0036660220939666033],[0.0,0.003680251305922866],[0.0,0.0038555003702640533],[0.0,0.003887767205014825],[0.0,0.003938934300094843],[0.0,0.0039681303314864635],[0.0,0.0040842327289283276],[0.0,0.004121830686926842],[0.0,0.0041253697127103806],[0.0,0.004159095231443644],[0.0,0.004173882771283388],[0.0,0.004217883571982384],[0.0,0.004222952760756016],[0.0,0.004232150036841631],[0.0,0.004329406190663576],[0.0,0.004359033890068531],[0.0,0.004391652066260576],[0.0,0.004421005491167307],[0.0,0.004504221025854349],[0.0,0.004539714194834232],[0.0,0.004543127026408911],[0.0,0.00456600496545434],[0.0,0.004572008270770311],[0.0,0.004617608617991209],[0.0,0.004667141009122133],[0.0,0.004667866975069046],[0.0,0.004676003009080887],[0.0,0.004684663377702236],[0.0,0.0046926820650696754],[0.0,0.004762629978358746],[0.0,0.004785154480487108],[0.0,0.004829308949410915],[0.0,0.004899763036519289],[0.0,0.004907101858407259],[0.0,0.004916588310152292],[0.0,0.004939854145050049],[0.0,0.004942859522998333],[0.0,0.004951660055667162],[0.0,0.00500717107206583],[0.0,0.005063977092504501],[0.0,0.0051431977190077305],[0.0,0.005149041302502155],[0.0,0.005171907600015402],[0.0,0.00522422231733799],[0.0,0.005265413783490658],[0.0,0.005275954958051443],[0.0,0.0054280636832118034],[0.0,0.005487312562763691],[0.0,0.005519165191799402],[0.0,0.005547994282096624],[0.0,0.005558201111853123],[0.0,0.005574531387537718],[0.0,0.005574626848101616],[0.0,0.005582092795521021],[0.0,0.005601550452411175],[0.0,0.005664076190441847],[0.0,0.005684008821845055],[0.0,0.005748426076024771],[0.0,0.00583628099411726],[0.0,0.005857408978044987],[0.0,0.005860748700797558],[0.0,0.005902640055865049],[0.0,0.005903336219489574],[0.0,0.006019908934831619],[0.0,0.006062359549105167],[0.0,0.006397412158548832],[0.0,0.00642366660758853],[0.0,0.006470389664173126],[0.0,0.006532763596624136],[0.0,0.006547342985868454],[0.0,0.006558238994330168],[0.0,0.0065985629335045815],[0.0,0.0066919042728841305],[0.0,0.006718089338392019],[0.0,0.006733001209795475],[0.0,0.006845980882644653],[0.0,0.006959710735827684],[0.0,0.007001559250056744],[0.0,0.007010763045400381],[0.0,0.007069107610732317],[0.0,0.00714210094884038],[0.0,0.0071617052890360355],[0.0,0.007171784993261099],[0.0,0.00720548490062356],[0.0,0.00726140895858407],[0.0,0.007297506555914879],[0.0,0.007300828583538532],[0.0,0.00738082779571414],[0.0,0.007421605754643679],[0.0,0.0075420173816382885],[0.0,0.007643760181963444],[0.0,0.007817237637937069],[0.0,0.00787392258644104],[0.0,0.007974302396178246],[0.0,0.008078442886471748],[0.0,0.008155894465744495],[0.0,0.008157707750797272],[0.0,0.008424879983067513],[0.0,0.008432825095951557],[0.0,0.008459941484034061],[0.0,0.008480454795062542],