{"available":true,"displayed_count":40,"error":{"correlation":0.10860433822611579,"mean_lat":0.004075337499998,"mean_lng":0.0043231875000202535,"std_lat":0.0012019749326434084,"std_lng":0.0006991087735293972},"exact_count":80,"original":{"correlation":-0.07101127855482756,"mean_lat":40.6929951625,"mean_lng":-111.92034493749998,"std_lat":0.06198452069739742,"std_lng":0.07426934450722941},"reduced":{"correlation":-0.17961561678094334,"mean_lat":40.688919825,"mean_lng":-111.924668125,"std_lat":0.06078254576475401,"std_lng":0.07496845328075881}}