{"available":true,"displayed_count":6,"error":{"correlation":0.10110900333342285,"mean_lat":0.2760395155993507,"mean_lng":0.5429269458128232,"std_lat":0.32009565473272394,"std_lng":1.1236911888122543},"exact_count":203,"original":{"correlation":0.1353410691481391,"mean_lat":44.74240581773399,"mean_lng":-121.90640805418718,"std_lat":1.0992646636404328,"std_lng":1.8366444915081612},"reduced":{"correlation":0.23645007248156194,"mean_lat":45.01844533333334,"mean_lng":-122.449335,"std_lat":0.7791690089077089,"std_lng":0.712953302695907}}