{"available":true,"displayed_count":8,"error":{"correlation":0.08878907645211076,"mean_lat":1.1611166666666648,"mean_lng":0.26565265530304316,"std_lat":0.33138210815501223,"std_lng":0.6735634928799378},"exact_count":132,"original":{"correlation":0.2984100477421962,"mean_lat":40.35702866666667,"mean_lng":-111.91012453030304,"std_lat":0.8826152258291889,"std_lng":0.5566586614368562},"reduced":{"correlation":0.38719912419430697,"mean_lat":39.19591200000001,"mean_lng":-111.644471875,"std_lat":1.2139973339842012,"std_lng":1.230222154316794}}