{"available":true,"displayed_count":63,"error":{"correlation":0.034731986985846564,"mean_lat":0.3064243809523859,"mean_lng":0.007173215728712989,"std_lat":0.20711725514815116,"std_lng":0.17329651019410874},"exact_count":132,"original":{"correlation":0.2984100477421962,"mean_lat":40.35702866666667,"mean_lng":-111.91012453030304,"std_lat":0.8826152258291889,"std_lng":0.5566586614368562},"reduced":{"correlation":0.33314203472804277,"mean_lat":40.050604285714286,"mean_lng":-111.91729774603175,"std_lat":1.08973248097734,"std_lng":0.7299551716309649}}