{"available":true,"displayed_count":41,"error":{"correlation":0.4541658316890232,"mean_lat":0.10744237024141512,"mean_lng":0.08702068800738516,"std_lat":0.0889817455287707,"std_lng":0.3223145155492464},"exact_count":1373,"original":{"correlation":0.12203337794456942,"mean_lat":38.50558294683176,"mean_lng":-77.45050595630008,"std_lat":0.7106911631247124,"std_lng":0.7588970166284648},"reduced":{"correlation":-0.33213245374445377,"mean_lat":38.61302531707317,"mean_lng":-77.36348526829269,"std_lat":0.6217094175959417,"std_lng":0.43658250107921837}}