{"available":true,"displayed_count":51,"error":{"correlation":0.22230313658476247,"mean_lat":0.4463195067873329,"mean_lng":0.15210042259701595,"std_lat":0.5125835104090337,"std_lng":0.6870008613274641},"exact_count":429,"original":{"correlation":-0.38255722210907245,"mean_lat":33.53233084615385,"mean_lng":-112.00097106759908,"std_lat":0.7100094751742487,"std_lng":0.7100116477411018},"reduced":{"correlation":-0.16025408552430997,"mean_lat":33.97865035294118,"mean_lng":-112.1530714901961,"std_lat":1.2225929855832824,"std_lng":1.3970125090685659}}