{"available":true,"displayed_count":213,"error":{"correlation":0.021296670976025278,"mean_lat":0.002429722941784007,"mean_lng":0.010555459161807335,"std_lat":0.009371331482899148,"std_lng":0.00029286358279997926},"exact_count":821,"original":{"correlation":-0.5519163520345783,"mean_lat":41.86682215956151,"mean_lng":-87.78057009013398,"std_lat":0.12895048172706478,"std_lng":0.16909198008842194},"reduced":{"correlation":-0.5732130230106036,"mean_lat":41.864392436619724,"mean_lng":-87.79112554929578,"std_lat":0.13832181320996392,"std_lng":0.16938484367122192}}