{"available":true,"displayed_count":8,"error":{"correlation":0.26450332098889184,"mean_lat":0.013841731203001473,"mean_lng":0.003005423872181723,"std_lat":0.03692591899905019,"std_lng":0.05744088924645629},"exact_count":266,"original":{"correlation":-0.4469454550994148,"mean_lat":39.02748001879699,"mean_lng":-77.50051845112782,"std_lat":0.0747135260279538,"std_lng":0.09173212460418598},"reduced":{"correlation":-0.18244213411052296,"mean_lat":39.041321749999994,"mean_lng":-77.503523875,"std_lat":0.11163944502700399,"std_lng":0.03429123535772969}}