{"available":true,"displayed_count":16,"error":{"correlation":0.17475616071409011,"mean_lat":1.1313382916666725,"mean_lng":0.09497059280305109,"std_lat":0.2973706581436272,"std_lng":0.5420643743505668},"exact_count":132,"original":{"correlation":0.2984100477421962,"mean_lat":40.35702866666667,"mean_lng":-111.91012453030304,"std_lat":0.8826152258291889,"std_lng":0.5566586614368562},"reduced":{"correlation":0.4731662084562863,"mean_lat":39.225690375,"mean_lng":-111.81515393749999,"std_lat":1.1799858839728161,"std_lng":1.098723035787423}}