{"applied_min_pixel_distance":null,"available":true,"baseline_distances":null,"baseline_equivalent_percentage":null,"baseline_key":null,"baseline_label":null,"baseline_n_points":null,"baseline_percentage":null,"baseline_source_county":null,"baseline_source_percentage":null,"baseline_source_state":null,"baseline_source_zoom":null,"complete":null,"country_min_distance":null,"country_min_pixel_distance":null,"current_distances":{"bottleneck_h0":0.07570111006498337,"bottleneck_h1":0.013566277921199799,"wasserstein_h0":1.5234807304552593,"wasserstein_h1":0.10110691486630363},"current_label":null,"current_percentage":null,"displayed_count":11,"distances":{"bottleneck_h0":0.07570111006498337,"bottleneck_h1":0.013566277921199799,"wasserstein_h0":1.5234807304552593,"wasserstein_h1":0.10110691486630363},"exact_count":266,"normalized_distances":null,"original":{"h0":[[0.0,1.3486991292666062e-06],[0.0,1.3486991292666062e-06],[0.0,1.3486991292666062e-06],[0.0,1.3486991292666062e-06],[0.0,1.3486991292666062e-06],[0.0,0.00011160841677337885],[0.0,0.0001747723581502214],[0.0,0.0002639990416355431],[0.0,0.00026765986694954336],[0.0,0.0003954702406190336],[0.0,0.000409882515668869],[0.0,0.0004214571672491729],[0.0,0.0004363995394669473],[0.0,0.0007475669262930751],[0.0,0.0010940867941826582],[0.0,0.0013024286599829793],[0.0,0.0013071076245978475],[0.0,0.0013592562172561884],[0.0,0.0016787482891231775],[0.0,0.001723713707178831],[0.0,0.0017999770352616906],[0.0,0.0018266144907101989],[0.0,0.0018363865092396736],[0.0,0.0019003029447048903],[0.0,0.002102725673466921],[0.0,0.002244482049718499],[0.0,0.002272241050377488],[0.0,0.002306960057467222],[0.0,0.0023472204338759184],[0.0,0.0024831986520439386],[0.0,0.00256726355291903],[0.0,0.002601552288979292],[0.0,0.0027086918707937002],[0.0,0.0027462502475827932],[0.0,0.002809925004839897],[0.0,0.0028303039725869894],[0.0,0.002907211659476161],[0.0,0.002953065326437354],[0.0,0.0029536359943449497],[0.0,0.0029846103861927986],[0.0,0.0030715891625732183],[0.0,0.0031384143512696028],[0.0,0.0032233751844614744],[0.0,0.0032545907888561487],[0.0,0.0033721155487000942],[0.0,0.0034045977517962456],[0.0,0.0034049530513584614],[0.0,0.0034220064990222454],[0.0,0.0035173685755580664],[0.0,0.0035674141254276037],[0.0,0.003595359157770872],[0.0,0.00367788621224463],[0.0,0.0037081087939441204],[0.0,0.003729366697371006],[0.0,0.003886093385517597],[0.0,0.003919747658073902],[0.0,0.003971921745687723],[0.0,0.004094844684004784],[0.0,0.004316044971346855],[0.0,0.0043677110224962234],[0.0,0.004505783319473267],[0.0,0.004583458416163921],[0.0,0.004630919545888901],[0.0,0.004712368361651897],[0.0,0.004862242843955755],[0.0,0.0048951818607747555],[0.0,0.004940317943692207],[0.0,0.005019552540034056],[0.0,0.005076752044260502],[0.0,0.005176431033760309],[0.0,0.005266781896352768],[0.0,0.005283962469547987],[0.0,0.005317045375704765],[0.0,0.005317839793860912],[0.0,0.005454628262668848],[0.0,0.00549651775509119],[0.0,0.005560108460485935],[0.0,0.005585065111517906],[0.0,0.005681043025106192],[0.0,0.005711666774004698],[0.0,0.005819251295179129],[0.0,0.005934539716690779],[0.0,0.005946205463260412],[0.0,0.0060865930281579494],[0.0,0.006096061784774065],[0.0,0.0062337652780115604],[0.0,0.006238962057977915],[0.0,0.006252964958548546],[0.0,0.006477264687418938],[0.0,0.006510205566883087],[0.0,0.006518666632473469],[0.0,0.006660067476332188],[0.0,0.006820316426455975],[0.0,0.006895654834806919],[0.0,0.007035032846033573],[0.0,0.007309592794626951],[0.0,0.007318207528442144],[0.0,0.007346785627305508],[0.0,0.0074170599691569805],[0.0,0.007500093895941973],[0.0,0.007574370596557856],[0.0,0.0075862957164645195],[0.0,0.007610425353050232],[0.0,0.00771666644141078],[0.0,0.0081997811794281],[0.0,0.008296199142932892],[0.0,0.008368747308850288],[0.0,0.008381788618862629],[0.0,0.008407513611018658],[0.0,0.00851056631654501],[0.0,0.008545954711735249],[0.0,0.008641078136861324],[0.0,0.0088043212890625],[0.0,0.008841514587402344],[0.0,0.008914842270314693],[0.0,0.008963681757450104],[0.0,0.009002839215099812],[0.0,0.009062268771231174],[0.0,0.009086956270039082],[0.0,0.009176185354590416],[0.0,0.009195076301693916],[0.0,0.009298036806285381],[0.0,0.009457554668188095],[0.0,0.009499701671302319],[0.0,0.00956437923014164],[0.0,0.009795375168323517],[0.0,0.010152498260140419],[0.0,0.0103103993460536],[0.0,0.010366576723754406],[0.0,0.010369079187512398],[0.0,0.010508249513804913],[0.0,0.010562628507614136],[0.0,0.01069601159542799],[0.0,0.010798042640089989],[0.0,0.011038500815629959],[0.0,0.011109471321105957],[0.0,0.011401373893022537],[0.0,0.011406662873923779],[0.0,0.011443490162491798],[0.0,0.011458204127848148],[0.0,0.011563661508262157],[0.0,0.011590891517698765],[0.0,0.011615448631346226],[0.0,0.011696164496243],[0.0,0.01183772087097168],[0.0,0.011849736794829369],[0.0,0.011943166144192219],[0.0,0.01194822695106268],[0.0,0.012245969846844673],[0.0,0.012842517346143723],[0.0,0.013109098188579082],[0.0,0.013265073299407959],[0.0,0.013365366496145725],[0.0,0.013501404784619808],[0.0,0.013569478876888752],[0.0,0.013667146675288677],[0.0,0.013704460114240646],[0.0,0.013846663758158684],[0.0,0.013902137987315655],[0.0,0.014119825325906277],[0.0,0.014138740487396717],[0.0,0.014285478740930557],[0.0,0.014348840340971947],[0.0,0.014492669142782688],[0.0,0.014528455212712288],[0.0,0.014902031049132347],[0.0,0.015391156077384949],[0.0,0.015542801469564438],[0.0,0.015718113631010056],[0.0,0.0168948695063591],[0.0,0.017277032136917114],[0.0,0.017294656485319138],[0.0,0.01776697486639023],[0.0,0.01778925023972988],[0.0,0.018080642446875572],[0.0,0.019721679389476776],[0.0,0.019894950091838837],[0.0,0.02021540328860283],[0.0,0.020253898575901985],[0.0,0.021520227193832397],[0.0,0.021663958206772804],[0.0,0.02404121682047844],[0.0,0.024066278710961342],[0.0,0.024621516466140747],[0.0,0.024851033464074135],[0.0,0.02507643587887287],[0.0,0.025268791243433952],[0.0,0.029674585908651352],[0.0,0.03068407252430916],[0.0,0.032179899513721466],[0.0,0.03267361596226692],[0.0,0.03506794199347496],[0.0,0.03599105030298233],[0.0,0.037123847752809525],[0.0,0.039095986634492874],[0.0,0.04017199948430061],[0.0,0.048427894711494446],[0.0,0.04927103593945503],[0.0,0.05133604630827904],[0.0,0.05435889959335327],[0.0,0.0628657415509224],[0.0,0.06731709092855453],[0.0,0.07516521960496902],[0.0,0.07553218305110931],[0.0,0.07784394919872284],[0.0,0.09412171691656113]],"h1":[[0.10119592398405075,0.1131947711110115],[0.07735078781843185,0.10448334366083145],[0.0646132081747055,0.06812891364097595],[0.052233725786209106,0.05473911762237549],[0.042130570858716965,0.04564784839749336],[0.03861204534769058,0.05910603702068329],[0.02738795056939125,0.02793399803340435],[0.02718709036707878,0.041828423738479614],[0.027169186621904373,0.029439806938171387],[0.025435935705900192,0.030202742666006088],[0.02245132438838482,0.023802893236279488],[0.01991676539182663,0.021337490528821945],[0.01966267079114914,0.02294342964887619],[0.019153276458382607,0.02203373983502388],[0.01705951802432537,0.034118812531232834],[0.016384538263082504,0.02434251457452774],[0.01630716770887375,0.016412416473031044],[0.01613396592438221,0.017266901209950447],[0.016073208302259445,0.016385825350880623],[0.015981703996658325,0.017199920490384102],[0.014559807255864143,0.016364559531211853],[0.013515928760170937,0.013911871239542961],[0.013515227474272251,0.016841648146510124],[0.013152236118912697,0.014066395349800587],[0.012513604015111923,0.012767677195370197],[0.010551336221396923,0.016895096749067307],[0.010462362319231033,0.010684726759791374],[0.009513418190181255,0.009970431216061115],[0.004987063352018595,0.0060483976267278194],[0.003495959099382162,0.003594527021050453]]},