{"available":true,"displayed_count":10,"error":{"correlation":0.048024732643835305,"mean_lat":0.011137062499997796,"mean_lng":0.010770962500004089,"std_lat":0.013749862311181554,"std_lng":0.042485755320101334},"exact_count":80,"original":{"correlation":-0.07101127855482756,"mean_lat":40.6929951625,"mean_lng":-111.92034493749998,"std_lat":0.06198452069739742,"std_lng":0.07426934450722941},"reduced":{"correlation":-0.022986545910992254,"mean_lat":40.6818581,"mean_lng":-111.93111589999998,"std_lat":0.07573438300857897,"std_lng":0.11675509982733075}}