{"available":true,"displayed_count":5,"error":{"correlation":1.2281408770263726,"mean_lat":0.2416717333333267,"mean_lng":0.014231730303038148,"std_lat":0.7382692230212133,"std_lng":0.48405647919582073},"exact_count":132,"original":{"correlation":0.2984100477421962,"mean_lat":40.35702866666667,"mean_lng":-111.91012453030304,"std_lat":0.8826152258291889,"std_lng":0.5566586614368562},"reduced":{"correlation":-0.9297308292841764,"mean_lat":40.5987004,"mean_lng":-111.8958928,"std_lat":0.14434600280797555,"std_lng":0.07260218224103542}}