{"applied_min_pixel_distance":17.03787728020304,"available":true,"baseline_distances":{"bottleneck_h0":0.012547994123998249,"bottleneck_h1":0.018504323767464782,"wasserstein_h0":0.1624678452657435,"wasserstein_h1":0.041793128039286365},"baseline_equivalent_percentage":18.592964824120603,"baseline_key":"county_20pct_distance","baseline_label":"County 20% distance","baseline_n_points":37,"baseline_percentage":null,"baseline_source_county":"Mecklenburg","baseline_source_percentage":20,"baseline_source_state":"NC","baseline_source_zoom":"county","complete":true,"country_min_distance":null,"country_min_pixel_distance":null,"current_distances":{"bottleneck_h0":0.0053930994457511,"bottleneck_h1":0.0026095831511754,"wasserstein_h0":0.0263751974515017,"wasserstein_h1":0.0068462529964882},"current_label":null,"current_percentage":44,"displayed_count":88,"distances":{"bottleneck_h0":0.0053930994457511,"bottleneck_h1":0.0026095831511754,"wasserstein_h0":0.0263751974515017,"wasserstein_h1":0.0068462529964882},"exact_count":199,"normalized_distances":{"bottleneck_h0":0.42979773439937363,"bottleneck_h1":0.14102558861208958,"wasserstein_h0":0.16234103067201158,"wasserstein_h1":0.16381288785210302},"original":{"h0":[[0.0,0.368000159588998],[0.0,0.234365002212502],[0.0,0.2262124061842519],[0.0,0.1952702616642544],[0.0,0.1142016133112482],[0.0,0.1101114459249986],[0.0,0.0986076652999995],[0.0,0.0625778160250021],[0.0,0.0510591023079988],[0.0,0.0498697851250012],[0.0,0.0486379819944991],[0.0,0.0389648001250005],[0.0,0.0268433279089996],[0.0,0.013662291009999],[0.0,0.0126248113352486],[0.0,0.0073056008432499],[0.0,0.0067416053799999],[0.0,0.0061376736499999],[0.0,0.0058751559585001],[0.0,0.0051745794500005],[0.0,0.0049592396499999],[0.0,0.0049390809552504],[0.0,0.0047659502499999],[0.0,0.0045892483562506],[0.0,0.00458824089425],[0.0,0.0028852852500002],[0.0,0.0027865646499994],[0.0,0.0027015411560003],[0.0,0.0025474393802494],[0.0,0.0024103805845002],[0.0,0.0023106495880001],[0.0,0.0020917608062496],[0.0,0.0018314330500001],[0.0,0.0017583381249997],[0.0,0.0017186129999996],[0.0,0.00157828265],[0.0,0.0015767893490002],[0.0,0.0012995703249998],[0.0,0.0011969500099996],[0.0,0.0011058384999999],[0.0,0.0009628651249999],[0.0,0.0009090450204998],[0.0,0.0008778552249995],[0.0,0.0008386969999997],[0.0,0.0008086646499995],[0.0,0.000805538149],[0.0,0.0007993976605],[0.0,0.0007956693000002],[0.0,0.0007824630512498],[0.0,0.0007565851249999],[0.0,0.000743112725],[0.0,0.0006980989129999],[0.0,0.0006789945064998],[0.0,0.0006152708],[0.0,0.000593222269],[0.0,0.0005788728249999],[0.0,0.00056899765],[0.0,0.0005631555779998],[0.0,0.000550539225],[0.0,0.0005189993000001],[0.0,0.0004838700250001],[0.0,0.0004561992422499],[0.0,0.0004532600105002],[0.0,0.00044378485],[0.0,0.0004181688259999],[0.0,0.0004165572500001],[0.0,0.000377652944],[0.0,0.0003767443604999],[0.0,0.0003747102252499],[0.0,0.000363989034],[0.0,0.0003339623185],[0.0,0.0003192774250001],[0.0,0.0003037332249999],[0.0,0.00030156846525],[0.0,0.0002942191299999],[0.0,0.0002836296092501],[0.0,0.00026001565],[0.0,0.0002445616362499],[0.0,0.0002444868024998],[0.0,0.00021415921225],[0.0,0.0002117809000002],[0.0,0.00021054923525],[0.0,0.0002055687999999],[0.0,0.0001892361249999],[0.0,0.000188905984],[0.0,0.0001864840044999],[0.0,0.00017960418725],[0.0,0.000177335825],[0.0,0.00017569499525],[0.0,0.0001734682105],[0.0,0.00016238701525],[0.0,0.0001552103005],[0.0,0.000152481025],[0.0,0.0001400386499998],[0.0,0.000133583125],[0.0,0.00013301686525],[0.0,0.00013229905],[0.0,0.000132174025],[0.0,0.0001310236249999],[0.0,0.0001280573704998],[0.0,0.000121078985],[0.0,0.0001075560124998],[0.0,0.0001029330009999],[0.0,0.0001011376249999],[0.0,0.0001009661],[0.0,0.0001007832499999],[0.0,9.02226249999528e-05],[0.0,8.716621224996477e-05],[0.0,8.536180000008609e-05],[0.0,8.465062499999933e-05],[0.0,8.462424999995883e-05],[0.0,8.3042000000033e-05],[0.0,8.080133124997873e-05],[0.0,7.891090000003336e-05],[0.0,7.68025204999766e-05],[0.0,7.475039525004057e-05],[0.0,7.372231249999598e-05],[0.0,7.120735625003508e-05],[0.0,5.81334452500069e-05],[0.0,5.661638825001542e-05],[0.0,5.392824999995268e-05],[0.0,5.0966105000031815e-05],[0.0,4.865124999995912e-05],[0.0,4.8526939249972966e-05],[0.0,4.6402227250050247e-05],[0.0,4.628607124998485e-05],[0.0,4.490102500002908e-05],[0.0,4.257000024996842e-05],[0.0,3.631202500005064e-05],[0.0,3.216264999998668e-05],[0.0,2.8974942250022036e-05],[0.0,2.812262499997732e-05],[0.0,2.705645449996689e-05],[0.0,2.6795476249987702e-05],[0.0,2.576142500002674e-05],[0.0,2.5500624999987904e-05],[0.0,2.5315300000014923e-05],[0.0,2.4710850000046937e-05],[0.0,2.125300000006159e-05],[0.0,2.1112482499989755e-05],[0.0,1.9281725000025056e-05],[0.0,1.852819999998169e-05],[0.0,1.433583124997176e-05],[0.0,1.3813324999997568e-05],[0.0,1.2592999999957714e-05],[0.0,1.0794499999976435e-05],[0.0,1.058935024999182e-05],[0.0,1.0458980999994027e-05],[0.0,1.0046380499990424e-05],[0.0,9.004999999991422e-06],[0.0,8.706124999988561e-06],[0.0,7.809525000002091e-06],[0.0,7.704300249991322e-06],[0.0,6.860700999993517e-06],[0.0,4.149324999997352e-06],[0.0,4.082730499997585e-06],[0.0,3.574542500014924e-06],[0.0,3.048249999999345e-06],[0.0,2.8728250000033016e-06],[0.0,2.7775182499920205e-06],[0.0,2.5448739999989057e-06],[0.0,2.054600000000044e-06],[0.0,1.943985249997387e-06],[0.0,1.583476250005067e-06],[0.0,1.412757250003397e-06],[0.0,7.861062499976046e-07],[0.0,7.106792500054962e-07],[0.0,3.366730000005067e-07],[0.0,3.054499999901954e-07],[0.0,9.889624999941585e-08],[0.0,7.220225000278562e-08],[0.0,1.4956250001184842e-08],[0.0,9.325000007625066e-11]],