{"available":true,"displayed_count":24,"error":{"correlation":0.027527640475674103,"mean_lat":0.1808151457286442,"mean_lng":0.4334320087939716,"std_lat":0.21650235955643282,"std_lng":0.6292015007997132},"exact_count":199,"original":{"correlation":0.038363071207345494,"mean_lat":39.52555714572864,"mean_lng":-105.32470524120603,"std_lat":0.48020834354774433,"std_lng":0.8424264531476124},"reduced":{"correlation":0.010835430731671388,"mean_lat":39.344742,"mean_lng":-105.75813725,"std_lat":0.6967107031041772,"std_lng":1.4716279539473256}}