{"available":true,"displayed_count":53,"error":{"correlation":0.02943960350152952,"mean_lat":0.38706257232704644,"mean_lng":0.019266624642668262,"std_lat":0.24507089689784955,"std_lng":0.2204040768372948},"exact_count":132,"original":{"correlation":0.2984100477421962,"mean_lat":40.35702866666667,"mean_lng":-111.91012453030304,"std_lat":0.8826152258291889,"std_lng":0.5566586614368562},"reduced":{"correlation":0.3278496512437257,"mean_lat":39.969966094339625,"mean_lng":-111.89085790566037,"std_lat":1.1276861227270385,"std_lng":0.777062738274151}}