{"available":true,"displayed_count":11,"error":{"correlation":0.187643672736511,"mean_lat":0.019673253930271528,"mean_lng":0.02309036705399592,"std_lat":0.019537726830940322,"std_lng":0.023585235300378926},"exact_count":266,"original":{"correlation":-0.4469454550994148,"mean_lat":39.02748001879699,"mean_lng":-77.50051845112782,"std_lat":0.0747135260279538,"std_lng":0.09173212460418598},"reduced":{"correlation":-0.6345891278359258,"mean_lat":39.047153272727265,"mean_lng":-77.52360881818181,"std_lat":0.09425125285889412,"std_lng":0.06814688930380705}}