{"available":true,"displayed_count":319,"error":{"correlation":0.016383761364138716,"mean_lat":0.2518360860076996,"mean_lng":0.1923477011256267,"std_lat":0.39578171462482803,"std_lng":0.13338402172131725},"exact_count":2282,"original":{"correlation":-0.38355550308185504,"mean_lat":33.6908235907099,"mean_lng":-84.0889652936021,"std_lat":0.4479248136143815,"std_lng":0.7417346251151957},"reduced":{"correlation":-0.39993926444599376,"mean_lat":33.4389875047022,"mean_lng":-83.89661759247647,"std_lat":0.8437065282392096,"std_lng":0.875118646836513}}