{"applied_min_pixel_distance":null,"available":true,"baseline_distances":null,"baseline_equivalent_percentage":null,"baseline_key":null,"baseline_label":null,"baseline_n_points":null,"baseline_percentage":null,"baseline_source_county":null,"baseline_source_percentage":null,"baseline_source_state":null,"baseline_source_zoom":null,"complete":null,"country_min_distance":null,"country_min_pixel_distance":null,"current_distances":{"bottleneck_h0":0.3200056552886963,"bottleneck_h1":0.2297595739364624,"wasserstein_h0":8.591102898281408,"wasserstein_h1":0.583046214188626},"current_label":null,"current_percentage":null,"displayed_count":53,"distances":{"bottleneck_h0":0.3200056552886963,"bottleneck_h1":0.2297595739364624,"wasserstein_h0":8.591102898281408,"wasserstein_h1":0.583046214188626},"exact_count":203,"normalized_distances":null,"original":{"h0":[[0.0,1.9073486328125e-06],[0.0,2.6973982585332124e-06],[0.0,2.6973982585332124e-06],[0.0,0.00022063497453927994],[0.0,0.0003102828923147172],[0.0,0.0003466707712505013],[0.0,0.0003971180412918329],[0.0,0.00044342881301417947],[0.0,0.0006158314645290375],[0.0,0.0008685727370902896],[0.0,0.0013813049299642444],[0.0,0.001654106774367392],[0.0,0.0019022357882931828],[0.0,0.002044626045972109],[0.0,0.002529767109081149],[0.0,0.003099742578342557],[0.0,0.003218229627236724],[0.0,0.003293280955404043],[0.0,0.00340365176089108],[0.0,0.0034289497416466475],[0.0,0.0036520273424685],[0.0,0.003974823281168938],[0.0,0.004080109763890505],[0.0,0.004379553720355034],[0.0,0.005066014360636473],[0.0,0.005177682731300592],[0.0,0.005415690131485462],[0.0,0.005482079461216927],[0.0,0.005808313377201557],[0.0,0.005881224758923054],[0.0,0.006424160674214363],[0.0,0.00645185261964798],[0.0,0.006687725894153118],[0.0,0.006697298027575016],[0.0,0.007039267104119062],[0.0,0.007063027936965227],[0.0,0.007239979226142168],[0.0,0.007464810274541378],[0.0,0.007717260159552097],[0.0,0.007768504787236452],[0.0,0.008074048906564713],[0.0,0.008356105536222458],[0.0,0.008507142774760723],[0.0,0.008672068826854229],[0.0,0.008798138238489628],[0.0,0.009678984060883522],[0.0,0.009961786679923534],[0.0,0.010169082321226597],[0.0,0.010420099832117558],[0.0,0.010672515258193016],[0.0,0.010683538392186165],[0.0,0.011301795952022076],[0.0,0.01136502530425787],[0.0,0.01180990319699049],[0.0,0.012249036692082882],[0.0,0.012494739145040512],[0.0,0.012761003337800503],[0.0,0.012832973152399063],[0.0,0.012851882725954056],[0.0,0.013629905879497528],[0.0,0.013648930005729198],[0.0,0.013680475763976574],[0.0,0.014015170745551586],[0.0,0.014052405953407288],[0.0,0.014941519126296043],[0.0,0.015498857945203781],[0.0,0.015739012509584427],[0.0,0.015776900574564934],[0.0,0.016749078407883644],[0.0,0.018869170919060707],[0.0,0.018869522958993912],[0.0,0.020659370347857475],[0.0,0.020729748532176018],[0.0,0.02085735835134983],[0.0,0.021582119166851044],[0.0,0.021956762298941612],[0.0,0.022572962567210197],[0.0,0.022702813148498535],[0.0,0.022907014936208725],[0.0,0.02312975749373436],[0.0,0.02338976226747036],[0.0,0.025216922163963318],[0.0,0.025225790217518806],[0.0,0.026035193353891373],[0.0,0.026967309415340424],[0.0,0.027622995898127556],[0.0,0.028036992996931076],[0.0,0.028956079855561256],[0.0,0.030920647084712982],[0.0,0.03230820596218109],[0.0,0.0366472452878952],[0.0,0.03847495838999748],[0.0,0.04044710844755173],[0.0,0.0409933440387249],[0.0,0.041659511625766754],[0.0,0.04279663786292076],[0.0,0.04377450421452522],[0.0,0.044049449265003204],[0.0,0.04426708444952965],[0.0,0.04452357813715935],[0.0,0.04629375785589218],[0.0,0.04687716066837311],[0.0,0.04910965636372566],[0.0,0.049734849482774734],[0.0,0.05068761110305786],[0.0,0.05400637537240982],[0.0,0.0564420148730278],[0.0,0.058677177876234055],[0.0,0.0587727427482605],[0.0,0.05881211534142494],[0.0,0.06360131502151489],[0.0,0.0640825405716896],[0.0,0.06991041451692581],[0.0,0.07040330022573471],[0.0,0.07245630770921707],[0.0,0.07400258630514145],[0.0,0.0803285539150238],[0.0,0.08297211676836014],[0.0,0.08351003378629684],[0.0,0.08792231231927872],[0.0,0.09338806569576263],[0.0,0.09747163951396942],[0.0,0.09859984368085861],[0.0,0.10185832530260086],[0.0,0.10578746348619461],[0.0,0.108932726085186],[0.0,0.12127190828323364],[0.0,0.12143515795469284],[0.0,0.12257370352745056],[0.0,0.1226470023393631],[0.0,0.12401126325130463],[0.0,0.12766756117343903],[0.0,0.12816005945205688],[0.0,0.1385767012834549],[0.0,0.14167168736457825],[0.0,0.14256000518798828],[0.0,0.14720416069030762],[0.0,0.1485317498445511],[0.0,0.15067261457443237],[0.0,0.15229357779026031],[0.0,0.1527492254972458],[0.0,0.15524066984653473],[0.0,0.15799294412136078],[0.0,0.16046978533267975],[0.0,0.16315105557441711],[0.0,0.16431403160095215],[0.0,0.1646416038274765],[0.0,0.16781117022037506],[0.0,0.17070631682872772],[0.0,0.17120173573493958],[0.0,0.17371784150600433],[0.0,0.1812613159418106],[0.0,0.18462446331977844],[0.0,0.1862325221300125],[0.0,0.18895788490772247],[0.0,0.1899520456790924],[0.0,0.1964258849620819],[0.0,0.1986318975687027],[0.0,0.1987946778535843],[0.0,0.20081055164337158],[0.0,0.2117568552494049],[0.0,0.21461762487888336],[0.0,0.22173157334327698],[0.0,0.2473611831665039],[0.0,0.2504846453666687],[0.0,0.2571047842502594],[0.0,0.26897838711738586],[0.0,0.2737739682197571],[0.0,0.27495425939559937],[0.0,0.28718432784080505],[0.0,0.30518838763237],[0.0,0.3083164393901825],[0.0,0.3083706498146057],[0.0,0.3339235782623291],[0.0,0.34473535418510437],[0.0,0.34956464171409607],[0.0,0.35120153427124023],[0.0,0.3589678108692169],[0.0,0.37035879492759705],[0.0,0.3891037702560425],[0.0,0.4182010591030121],[0.0,0.4401203393936157],[0.0,0.4454917311668396],[0.0,0.4519845247268677],[0.0,0.5187357664108276],[0.0,0.5484440922737122],[0.0,0.5803449749946594],[0.0,0.6206286549568176],[0.0,0.6974577903747559],[0.0,0.7434418797492981],[0.0,0.8137275576591492],[0.0,1.6601629257202148]],"h1":[[1.4563186168670654,1.6207399368286133],[1.1726505756378174,1.6321697235107422],[0.79606032371521,0.8227357864379883],[0.23623822629451752,0.25610387325286865],[0.22807331383228302,0.24611899256706238],[0.09851498156785965,0.10436265915632248],[0.0683593600988388,0.0708448588848114],[0.058184266090393066,0.060305435210466385],[0.05393858999013901,0.05598211660981178],[0.025265881791710854,0.025489144027233124]]},"reduced":{"h0":[[0.0,0.007063027936965227],[0.0,0.007768504787236452],[0.0,0.009678984060883522],[0.0,0.012761003337800503],[0.0,0.014941519126296043],[0.0,0.015776900574564934],[0.0,0.015939397737383842],[0.0,0.019171789288520813],[0.0,0.022572962567210197],[0.0,0.030890701338648796],[0.0,0.033863771706819534],[0.0,0.041659511625766754],[0.0,0.04279663786292076],[0.0,0.0438784696161747],[0.0,0.04853147640824318],[0.0,0.054663099348545074],[0.0,0.062215954065322876],[0.0,0.06782633811235428],[0.0,0.0770372822880745],[0.0,0.08553992211818695],[0.0,0.09693674743175507],[0.0,0.10691232979297638],[0.0,0.11939182132482529],[0.0,0.12816005945205688],[0.0,0.1616516411304474],[0.0,0.1868745982646942],[0.0,0.19717320799827576],[0.0,0.20669730007648468],[0.0,0.2256072461605072],[0.0,0.25610387325286865],[0.0,0.2565012574195862],[0.0,0.29712173342704773],[0.0,0.3365170955657959],[0.0,0.3369002640247345],[0.0,0.3589678108692169],[0.0,0.3857114017009735],[0.0,0.41130879521369934],[0.0,0.4177122712135315],[0.0,0.4221149981021881],[0.0,0.4221188426017761],[0.0,0.5077153444290161],[0.0,0.5868830680847168],[0.0,0.6192120313644409],[0.0,0.6987336277961731],[0.0,0.7083213329315186],[0.0,0.7666501402854919],[0.0,0.79606032371521],[0.0,0.8374979496002197],[0.0,0.9379236102104187],[0.0,0.9522249698638916],[0.0,1.9801685810089111]],"h1":[[2.3386616706848145,2.372591972351074],[1.763295292854309,1.8451745510101318],[0.21188902854919434,0.21938294172286987]]},"source_min_pixel_distance":null}