{"applied_min_pixel_distance":null,"available":true,"baseline_distances":{"bottleneck_h0":0.0027891733276251,"bottleneck_h1":0.0014492298538123,"wasserstein_h0":0.0189871188748737,"wasserstein_h1":0.0065689117003628},"baseline_equivalent_percentage":null,"baseline_key":null,"baseline_label":null,"baseline_n_points":null,"baseline_percentage":5,"baseline_source_county":null,"baseline_source_percentage":null,"baseline_source_state":null,"baseline_source_zoom":null,"complete":true,"country_min_distance":null,"country_min_pixel_distance":null,"current_distances":{"bottleneck_h0":0.0006339211486245,"bottleneck_h1":0.0006229055764569,"wasserstein_h0":0.0123411330894999,"wasserstein_h1":0.0035244875838838},"current_label":null,"current_percentage":8,"displayed_count":21,"distances":{"bottleneck_h0":0.0006339211486245,"bottleneck_h1":0.0006229055764569,"wasserstein_h0":0.0123411330894999,"wasserstein_h1":0.0035244875838838},"exact_count":266,"normalized_distances":{"bottleneck_h0":0.22727922368462683,"bottleneck_h1":0.4298183444250086,"wasserstein_h0":0.6499739729249466,"wasserstein_h1":0.5365405632852612},"original":{"h0":[[0.0,0.00221472439625],[0.0,0.0015149200049997],[0.0,0.0014262776784999],[0.0,0.001412452505],[0.0,0.00113289766825],[0.0,0.0009880252570004],[0.0,0.0007387224744998],[0.0,0.0006588474424999],[0.0,0.0006069087769999],[0.0,0.0005863152824998],[0.0,0.0004034473812499],[0.0,0.0003821240205001],[0.0,0.0003445450145001],[0.0,0.00032383895425],[0.0,0.0003074401562498],[0.0,0.0002668912722496],[0.0,0.0002588864832503],[0.0,0.0002353780839998],[0.0,0.0002201452682501],[0.0,0.0001596279609999],[0.0,0.0001572069200003],[0.0,0.0001543934544999],[0.0,0.0001515547690001],[0.0,0.0001447964504998],[0.0,0.0001444950362498],[0.0,0.0001173317625],[0.0,0.0001157800452499],[0.0,0.0001025551052501],[0.0,0.0001021656325],[0.0,9.895226500001534e-05],[0.0,9.723615850020037e-05],[0.0,8.172740725005166e-05],[0.0,7.911434924978494e-05],[0.0,7.891635600003097e-05],[0.0,7.477628225003434e-05],[0.0,7.462396249994377e-05],[0.0,7.135915624990229e-05],[0.0,6.176477699995716e-05],[0.0,6.039467125001692e-05],[0.0,5.922192049991855e-05],[0.0,5.5517631250085885e-05],[0.0,5.276899999989602e-05],[0.0,5.250936500012949e-05],[0.0,5.147230600013064e-05],[0.0,5.101872424997242e-05],[0.0,4.997599324997775e-05],[0.0,4.984236899988589e-05],[0.0,4.831735700006649e-05],[0.0,4.793252524988109e-05],[0.0,4.695305625004162e-05],[0.0,4.669772725001008e-05],[0.0,4.603268924985175e-05],[0.0,4.557198499983222e-05],[0.0,4.465825325014991e-05],[0.0,4.399054399984164e-05],[0.0,4.29621164999796e-05],[0.0,4.123256449998197e-05],[0.0,3.749094624991884e-05],[0.0,3.569003124996481e-05],[0.0,3.565980625001655e-05],[0.0,3.5104068250020417e-05],[0.0,3.50329112500043e-05],[0.0,3.420006524999561e-05],[0.0,3.3729662500030463e-05],[0.0,3.358719399972991e-05],[0.0,3.3429564999900694e-05],[0.0,3.2822611249988605e-05],[0.0,3.27383650001503e-05],[0.0,3.252798899999938e-05],[0.0,3.24978312500149e-05],[0.0,3.085508725009052e-05],[0.0,3.0462127249997483e-05],[0.0,2.9149429249896527e-05],[0.0,2.8601166499908525e-05],[0.0,2.7892281249955345e-05],[0.0,2.760582924997555e-05],[0.0,2.6879449999990577e-05],[0.0,2.6866479250006945e-05],[0.0,2.657608199999011e-05],[0.0,2.5768305249876304e-05],[0.0,2.3987344250027535e-05],[0.0,2.286933850000673e-05],[0.0,2.256108499992222e-05],[0.0,2.2361334249916517e-05],[0.0,2.1613371250130272e-05],[0.0,2.113735724999042e-05],[0.0,2.105059225006937e-05],[0.0,2.0643192250064815e-05],[0.0,2.053118050001119e-05],[0.0,2.0262780249918844e-05],[0.0,2.008689849998387e-05],[0.0,1.9868602500004765e-05],[0.0,1.9543092999943964e-05],[0.0,1.9379018250001403e-05],[0.0,1.866705800012066e-05],[0.0,1.825833700007362e-05],[0.0,1.8107432500006117e-05],[0.0,1.7671572999992954e-05],[0.0,1.756359624998714e-05],[0.0,1.7508981250174717e-05],[0.0,1.7206728999998298e-05],[0.0,1.6809103249974435e-05],[0.0,1.4886735249920227e-05],[0.0,1.4479643249986813e-05],[0.0,1.438797024991939e-05],[0.0,1.4342772999996307e-05],[0.0,1.4062853000021588e-05],[0.0,1.3753194249993009e-05],[0.0,1.3493815249998346e-05],[0.0,1.3389041000039738e-05],[0.0,1.3357536250084544e-05],[0.0,1.2372922250002298e-05],[0.0,1.1887514499999652e-05],[0.0,1.162917925000231e-05],[0.0,1.1089124499991403e-05],[0.0,1.0623253250071324e-05],[0.0,1.0595694500019611e-05],[0.0,1.0488739999989356e-05],[0.0,9.774892249988122e-06],[0.0,9.731161250013378e-06],[0.0,9.714957250006142e-06],[0.0,9.290492999977712e-06],[0.0,9.26165425000574e-06],[0.0,8.839340499948418e-06],[0.0,8.804690500050305e-06],[0.0,8.465920999979384e-06],[0.0,8.155784249995723e-06],[0.0,8.068562000053247e-06],[0.0,7.798238499989884e-06],[0.0,7.728702250003214e-06],[0.0,7.552926249993453e-06],[0.0,7.438242499929829e-06],[0.0,7.069854500014424e-06],[0.0,7.067743249938075e-06],[0.0,6.980064250013383e-06],[0.0,6.934748500003374e-06],[0.0,6.69885924999331e-06],[0.0,6.443352499932811e-06],[0.0,6.2989765000534334e-06],[0.0,6.101685000049418e-06],[0.0,5.990701250005565e-06],[0.0,5.910351250004159e-06],[0.0,5.551604499999333e-06],[0.0,5.361354499986722e-06],[0.0,5.252023249987396e-06],[0.0,5.075520249983196e-06],[0.0,4.769224999984096e-06],[0.0,4.6570609999715615e-06],[0.0,4.191938499989283e-06],[0.0,3.944040500002093e-06],[0.0,3.841105000005256e-06],[0.0,3.775430500010428e-06],[0.0,3.477044250012581e-06],[0.0,3.4375172500021407e-06],[0.0,3.3817119999753163e-06],[0.0,3.2316520000128404e-06],[0.0,3.1816105000010297e-06],[0.0,3.0929702500270086e-06],[0.0,2.927532499993576e-06],[0.0,2.898426500035686e-06],[0.0,2.8978209999980044e-06],[0.0,2.842791249978345e-06],[0.0,2.648089999984225e-06],[0.0,2.597537000006784e-06],[0.0,2.462411249995457e-06],[0.0,2.3586649999992936e-06],[0.0,2.226974500000538e-06],[0.0,2.180991249984265e-06],[0.0,2.1801484999935154e-06],[0.0,2.1129700000041297e-06],[0.0,2.002655249994273e-06],[0.0,1.973919999986314e-06],[0.0,1.8854725000033729e-06],[0.0,1.8342529999728369e-06],[0.0,1.6920185000007274e-06],[0.0,1.6477104999809442e-06],[0.0,1.541569000006585e-06],[0.0,1.3773612500059044e-06],[0.0,1.3305159999838907e-06],[0.0,1.2907699999991015e-06],[0.0,1.2594250000043135e-06],[0.0,1.1053639999858631e-06],[0.0,9.027880000054306e-07],[0.0,8.430792499964947e-07],[0.0,8.341302500189099e-07],[0.0,8.099792500075629e-07],[0.0,7.427972499833142e-07],[0.0,7.045490000020253e-07],[0.0,4.61894499997452e-07],[0.0,4.2713225000016273e-07],[0.0,4.2408050000339044e-07],[0.0,2.992562500135838e-07],[0.0,1.3971425000015798e-07],[0.0,4.761124999958987e-08],[0.0,4.440625000419172e-08],[0.0,4.200099999944392e-08],[0.0,3.909924999961193e-08],[0.0,1.7910500001941883e-08],[0.0,1.7423999999243485e-08],[0.0,7.636500000235016e-09],[0.0,3.114249999625825e-09]],