{"available":true,"displayed_count":81,"error":{"correlation":0.0007300111586465152,"mean_lat":0.08916700291916868,"mean_lng":0.3885133998661843,"std_lat":0.014941111299982435,"std_lng":0.2703429934834001},"exact_count":203,"original":{"correlation":0.1353410691481391,"mean_lat":44.74240581773399,"mean_lng":-121.90640805418718,"std_lat":1.0992646636404328,"std_lng":1.8366444915081612},"reduced":{"correlation":0.1360710803067856,"mean_lat":44.65323881481482,"mean_lng":-121.517894654321,"std_lat":1.1142057749404153,"std_lng":2.1069874849915613}}