{"applied_min_pixel_distance":null,"available":true,"baseline_distances":null,"baseline_equivalent_percentage":null,"baseline_key":null,"baseline_label":null,"baseline_n_points":null,"baseline_percentage":null,"baseline_source_county":null,"baseline_source_percentage":null,"baseline_source_state":null,"baseline_source_zoom":null,"complete":null,"country_min_distance":null,"country_min_pixel_distance":null,"current_distances":{"bottleneck_h0":0.009265396744012833,"bottleneck_h1":0.006880529224872589,"wasserstein_h0":0.6025639470353008,"wasserstein_h1":0.05966108524074545},"current_label":null,"current_percentage":null,"displayed_count":192,"distances":{"bottleneck_h0":0.009265396744012833,"bottleneck_h1":0.006880529224872589,"wasserstein_h0":0.6025639470353008,"wasserstein_h1":0.05966108524074545},"exact_count":639,"normalized_distances":null,"original":{"h0":[[0.0,1.3486991292666062e-06],[0.0,1.3486991292666062e-06],[0.0,1.3486991292666062e-06],[0.0,1.3486991292666062e-06],[0.0,1.3486991292666062e-06],[0.0,1.3486991292666062e-06],[0.0,1.3486991292666062e-06],[0.0,1.3486991292666062e-06],[0.0,1.3486991292666062e-06],[0.0,1.3486991292666062e-06],[0.0,1.3486991292666062e-06],[0.0,1.3486991292666062e-06],[0.0,1.3486991292666062e-06],[0.0,1.3486991292666062e-06],[0.0,1.3486991292666062e-06],[0.0,1.3486991292666062e-06],[0.0,1.3486991292666062e-06],[0.0,1.3486991292666062e-06],[0.0,1.3486991292666062e-06],[0.0,1.3486991292666062e-06],[0.0,3.932099843950709e-06],[0.0,4.072982119396329e-05],[0.0,5.199055885896087e-05],[0.0,7.154464401537552e-05],[0.0,9.404699085280299e-05],[0.0,9.992213745135814e-05],[0.0,0.00010701568680815399],[0.0,0.00014595891116186976],[0.0,0.0001739089930197224],[0.0,0.00018314272165298462],[0.0,0.00018476440163794905],[0.0,0.000184980861376971],[0.0,0.00019812339451164007],[0.0,0.00020066177239641547],[0.0,0.00023280008463189006],[0.0,0.00023549383331555873],[0.0,0.00024119854788295925],[0.0,0.00024516478879377246],[0.0,0.0002540034183766693],[0.0,0.00026902914396487176],[0.0,0.00027314736507833004],[0.0,0.00027955512632615864],[0.0,0.0002912346972152591],[0.0,0.00029201438883319497],[0.0,0.0002943889412563294],[0.0,0.00030338685610331595],[0.0,0.0003159987973049283],[0.0,0.00033678748877719045],[0.0,0.000351745547959581],[0.0,0.0003818116965703666],[0.0,0.0004049501440022141],[0.0,0.0004100012010894716],[0.0,0.0004121230449527502],[0.0,0.00043611080036498606],[0.0,0.00044815082219429314],[0.0,0.0004573432670440525],[0.0,0.0004713505622930825],[0.0,0.0004884153604507446],[0.0,0.0004919720813632011],[0.0,0.0004935336182825267],[0.0,0.0005041943513788283],[0.0,0.0005089315818622708],[0.0,0.0005135153187438846],[0.0,0.0005146361072547734],[0.0,0.0005350818391889334],[0.0,0.0005703506758436561],[0.0,0.0005842086393386126],[0.0,0.0006253173341974616],[0.0,0.0006473243120126426],[0.0,0.0006485847989097238],[0.0,0.0006640785722993314],[0.0,0.0006750370375812054],[0.0,0.0008299706387333572],[0.0,0.0008331151911988854],[0.0,0.000845990318339318],[0.0,0.0008510147454217076],[0.0,0.000865057809278369],[0.0,0.000948192086070776],[0.0,0.0009785107104107738],[0.0,0.0009992435807362199],[0.0,0.001034930464811623],[0.0,0.0010402322513982654],[0.0,0.0010491068242117763],[0.0,0.0010526508558541536],[0.0,0.0010589247103780508],[0.0,0.0010900460183620453],[0.0,0.00110606977250427],[0.0,0.001133268466219306],[0.0,0.0011525090085342526],[0.0,0.001157945953309536],[0.0,0.0012081393506377935],[0.0,0.0012544881319627166],[0.0,0.00128208810929209],[0.0,0.0013214722275733948],[0.0,0.0014139317208901048],[0.0,0.0014421835076063871],[0.0,0.0014592279912903905],[0.0,0.001478993333876133],[0.0,0.0015457519330084324],[0.0,0.0015474834945052862],[0.0,0.0015580838080495596],[0.0,0.0015715158078819513],[0.0,0.0015790289035066962],[0.0,0.0017024361295625567],[0.0,0.0017790001584216952],[0.0,0.0018111334647983313],[0.0,0.0018279223004356027],[0.0,0.0018394889775663614],[0.0,0.0018533989787101746],[0.0,0.001863710000179708],[0.0,0.001867068582214415],[0.0,0.0018818568205460906],[0.0,0.0019180000526830554],[0.0,0.001973484642803669],[0.0,0.0020751592237502337],[0.0,0.002114341827109456],[0.0,0.0021630320698022842],[0.0,0.0021644977387040854],[0.0,0.0021647007670253515],[0.0,0.002198341302573681],[0.0,0.0022160436492413282],[0.0,0.002291751326993108],[0.0,0.0023399668280035257],[0.0,0.0024206365924328566],[0.0,0.0024338793009519577],[0.0,0.0024600590113550425],[0.0,0.00247285352088511],[0.0,0.0025029280222952366],[0.0,0.002512911334633827],[0.0,0.002514800988137722],[0.0,0.0025174589827656746],[0.0,0.0025443872436881065],[0.0,0.0025590439327061176],[0.0,0.002579354215413332],[0.0,0.002623418578878045],[0.0,0.002708115614950657],[0.0,0.002756434492766857],[0.0,0.00283580063842237],[0.0,0.0028771115466952324],[0.0,0.002913008676841855],[0.0,0.0029197228141129017],[0.0,0.002984937047585845],[0.0,0.0029849722050130367],[0.0,0.0031249579042196274],[0.0,0.003193566342815757],[0.0,0.003195906523615122],[0.0,0.0032141299452632666],[0.0,0.0032362795900553465],[0.0,0.003287759143859148],[0.0,0.0032948944717645645],[0.0,0.003324155928567052],[0.0,0.003324715420603752],[0.0,0.0033427176531404257],[0.0,0.003343302756547928],[0.0,0.0034005362540483475],[0.0,0.003468536539003253],[0.0,0.0034743277356028557],[0.0,0.0035416721366345882],[0.0,0.0035574825014919043],[0.0,0.0036529989447444677],[0.0,0.003701175097376108],[0.0,0.0037253769114613533],[0.0,0.0037586651742458344],[0.0,0.003774785902351141],[0.0,0.003853090340271592],[0.0,0.003863150952383876],[0.0,0.0038694809190928936],[0.0,0.003889037063345313],[0.0,0.003936129156500101],[0.0,0.003944347612559795],[0.0,0.003954369109123945],[0.0,0.003979598172008991],[0.0,0.0040899040177464485],[0.0,0.004163153003901243],[0.0,0.004245760850608349],[0.0,0.0042720059864223],[0.0,0.004369633737951517],[0.0,0.004466252401471138],[0.0,0.004480278119444847],[0.0,0.00453164242208004],[0.0,0.004532556049525738],[0.0,0.004626152105629444],[0.0,0.0046790894120931625],[0.0,0.004863976966589689],[0.0,0.004906404297798872],[0.0,0.005000028759241104],[0.0,0.005061001051217318],[0.0,0.00515624089166522],[0.0,0.005265799816697836],[0.0,0.005417155101895332],[0.0,0.005560067482292652],[0.0,0.005737544037401676],[0.0,0.005780610255897045],[0.0,0.005785290617495775],[0.0,0.005880664102733135],[0.0,0.005909081548452377],[0.0,0.005993181839585304],[0.0,0.0060180057771503925],[0.0,0.0063246190547943115],[0.0,0.006341113708913326],[0.0,0.006363304797559977],[0.0,0.006387563422322273],[0.0,0.006437415722757578],[0.0,0.006514349486678839],[0.0,0.0065150996670126915],[0.0,0.0065311165526509285],[0.0,0.006531155668199062],[0.0,0.006578980945050716],[0.0,0.006586435716599226],[0.0,0.0066669355146586895],[0.0,0.006704207044094801],[0.0,0.006975119933485985],[0.0,0.006998811848461628],[0.0,0.00701264338567853],[0.0,0.0070330677554011345],[0.0,0.007200004532933235],[0.0,0.007315910421311855],[0.0,0.007343771867454052],[0.0,0.007350225001573563],[0.0,0.007412403356283903],[0.0,0.007474351674318314],[0.0,0.007485273759812117],[0.0,0.0075081889517605305],[0.0,0.00751675246283412],[0.0,0.007664536125957966],[0.0,0.007665582932531834],[0.0,0.0077149332500994205],[0.0,0.007738844957202673],[0.0,0.007937420159578323],[0.0,0.007976515218615532],[0.0,0.007985836826264858],[0.0,0.008191442117094994],[0.0,0.008323795162141323],[0.0,0.008541817776858807],[0.0,0.008614761754870415],[0.0,0.008631277829408646],[0.0,0.008846411481499672],[0.0,0.008874263614416122],[0.0,0.008918003179132938],[0.0,0.008961141109466553],[0.0,0.009013313800096512],[0.0,0.009200019761919975],[0.0,0.009278999641537666],[0.0,0.009333264082670212],[0.0,0.009426252916455269],[0.0,0.009546216577291489],[0.0,0.00956761371344328],[0.0,0.009577055461704731],[0.0,0.009937758557498455],[0.0,0.010124445892870426],[0.0,0.010170240886509418],[0.0,0.010329052805900574],[0.0,0.010350126773118973],[0.0,0.010458791628479958],[0.0,0.010660417377948761],[0.0,0.010712256655097008],[0.0,0.01077377237379551],[0.0,