{"available":true,"displayed_count":2385,"error":{"correlation":0.00020918791522432645,"mean_lat":0.0056135825773822035,"mean_lng":0.36607444765924413,"std_lat":9.279313294552338e-05,"std_lng":0.06565099486949322},"exact_count":59619,"original":{"correlation":0.07744519765548882,"mean_lat":36.42839419599457,"mean_lng":-94.65892038630302,"std_lat":5.288566147701765,"std_lng":17.432953833205183},"reduced":{"correlation":0.0772360097402645,"mean_lat":36.42278061341719,"mean_lng":-95.02499483396227,"std_lat":5.288473354568819,"std_lng":17.498604828074676}}