{"available":true,"displayed_count":13,"error":{"correlation":0.053189891995715555,"mean_lat":0.9951124358974326,"mean_lng":0.18414714568764623,"std_lat":0.2880004912018853,"std_lng":0.5308429716144035},"exact_count":132,"original":{"correlation":0.2984100477421962,"mean_lat":40.35702866666667,"mean_lng":-111.91012453030304,"std_lat":0.8826152258291889,"std_lng":0.5566586614368562},"reduced":{"correlation":0.35159993973791176,"mean_lat":39.36191623076924,"mean_lng":-111.72597738461539,"std_lat":1.1706157170310743,"std_lng":1.0875016330512597}}