{"available":true,"displayed_count":166,"error":{"correlation":0.03205290374850894,"mean_lat":0.00023814229688667865,"mean_lng":0.006638483294707953,"std_lat":0.0004324301789742774,"std_lng":0.0010197402340342554},"exact_count":639,"original":{"correlation":-0.21677072467410108,"mean_lat":27.968479419405323,"mean_lng":-82.40634076369327,"std_lat":0.08725774837429336,"std_lng":0.09491963565175404},"reduced":{"correlation":-0.18471782092559214,"mean_lat":27.968241277108437,"mean_lng":-82.41297924698797,"std_lat":0.08682531819531908,"std_lng":0.0959393758857883}}