{"available":true,"displayed_count":686,"error":{"correlation":0.04504160512968022,"mean_lat":0.021298414761780293,"mean_lng":0.018995110755327005,"std_lat":0.006851744842417684,"std_lng":0.057942361511384766},"exact_count":1373,"original":{"correlation":0.12203337794456942,"mean_lat":38.50558294683176,"mean_lng":-77.45050595630008,"std_lat":0.7106911631247124,"std_lng":0.7588970166284648},"reduced":{"correlation":0.16707498307424964,"mean_lat":38.48428453206998,"mean_lng":-77.4695010670554,"std_lat":0.71754290796713,"std_lng":0.8168393781398495}}