{"available":true,"displayed_count":1141,"error":{"correlation":0.009716251166194567,"mean_lat":0.0033609123575715216,"mean_lng":0.02684116476774534,"std_lat":0.0032682717693586216,"std_lng":0.030700307430746143},"exact_count":2282,"original":{"correlation":-0.38355550308185504,"mean_lat":33.6908235907099,"mean_lng":-84.0889652936021,"std_lat":0.4479248136143815,"std_lng":0.7417346251151957},"reduced":{"correlation":-0.3932717542480496,"mean_lat":33.687462678352325,"mean_lng":-84.06212412883436,"std_lat":0.45119308538374014,"std_lng":0.7724349325459419}}