{"available":true,"displayed_count":74,"error":{"correlation":0.03826028076479182,"mean_lat":0.01058259199393774,"mean_lng":0.037548734190337996,"std_lat":0.056305409111036236,"std_lng":0.00850332679863175},"exact_count":821,"original":{"correlation":-0.5519163520345783,"mean_lat":41.86682215956151,"mean_lng":-87.78057009013398,"std_lat":0.12895048172706478,"std_lng":0.16909198008842194},"reduced":{"correlation":-0.5901766327993702,"mean_lat":41.85623956756757,"mean_lng":-87.81811882432432,"std_lat":0.185255890838101,"std_lng":0.1775953068870537}}