{"available":true,"displayed_count":70,"error":{"correlation":0.3542999703985292,"mean_lat":0.18590580992508166,"mean_lng":0.15994691445767728,"std_lat":0.16330922859940517,"std_lng":0.00844524845260236},"exact_count":1163,"original":{"correlation":0.7463282964098988,"mean_lat":40.499188067067934,"mean_lng":-74.46841439982803,"std_lat":0.4312280886793263,"std_lng":0.3834577382785352},"reduced":{"correlation":0.39202832601136967,"mean_lat":40.31328225714285,"mean_lng":-74.62836131428571,"std_lat":0.5945373172787315,"std_lng":0.3750124898259328}}