{"available":true,"displayed_count":970,"error":{"correlation":0.0,"mean_lat":0.0,"mean_lng":0.0,"std_lat":0.0,"std_lng":0.0},"exact_count":970,"original":{"correlation":0.5738316771838443,"mean_lat":35.3540332443299,"mean_lng":-80.46475540412372,"std_lat":0.3061944917115558,"std_lng":0.8679310616074577},"reduced":{"correlation":0.5738316771838443,"mean_lat":35.3540332443299,"mean_lng":-80.46475540412372,"std_lat":0.3061944917115558,"std_lng":0.8679310616074577}}