{"available":true,"displayed_count":21,"error":{"correlation":0.2308423254812196,"mean_lat":0.014700932738101358,"mean_lng":0.01740227083332968,"std_lat":0.004978600875958736,"std_lng":0.012472660556795571},"exact_count":80,"original":{"correlation":-0.07101127855482756,"mean_lat":40.6929951625,"mean_lng":-111.92034493749998,"std_lat":0.06198452069739742,"std_lng":0.07426934450722941},"reduced":{"correlation":0.15983104692639205,"mean_lat":40.7076960952381,"mean_lng":-111.90294266666665,"std_lat":0.06696312157335615,"std_lng":0.06179668395043384}}