{"available":true,"displayed_count":253,"error":{"correlation":0.00252982200151608,"mean_lat":0.011746889596235377,"mean_lng":0.03766074136768793,"std_lat":0.008583437297233765,"std_lng":0.032624985150478736},"exact_count":6323,"original":{"correlation":-0.6593657108089224,"mean_lat":27.43951834809426,"mean_lng":-81.44445542464021,"std_lat":1.1679375825937848,"std_lng":1.014550165795276},"reduced":{"correlation":-0.6568358888074063,"mean_lat":27.427771458498025,"mean_lng":-81.4821161660079,"std_lat":1.1765210198910185,"std_lng":1.0471751509457548}}