{"available":true,"displayed_count":596,"error":{"correlation":0.19724133449101466,"mean_lat":2.3248927452806,"mean_lng":0.23151444758958917,"std_lat":0.30195217102555993,"std_lng":1.584231052938593},"exact_count":59619,"original":{"correlation":0.07744519765548882,"mean_lat":36.42839419599457,"mean_lng":-94.65892038630302,"std_lat":5.288566147701765,"std_lng":17.432953833205183},"reduced":{"correlation":-0.11979613683552585,"mean_lat":38.75328694127517,"mean_lng":-94.89043483389261,"std_lat":4.986613976676205,"std_lng":15.84872278026659}}