{"available":true,"displayed_count":103,"error":{"correlation":0.03330028985498319,"mean_lat":0.008006893301455875,"mean_lng":0.05372341898815591,"std_lat":0.018442755030077418,"std_lng":0.1167596040755684},"exact_count":199,"original":{"correlation":0.038363071207345494,"mean_lat":39.52555714572864,"mean_lng":-105.32470524120603,"std_lat":0.48020834354774433,"std_lng":0.8424264531476124},"reduced":{"correlation":0.005062781352362299,"mean_lat":39.517550252427185,"mean_lng":-105.37842866019419,"std_lat":0.49865109857782175,"std_lng":0.9591860572231808}}