{"available":true,"displayed_count":357,"error":{"correlation":0.0017051927179165954,"mean_lat":0.0030633584903725364,"mean_lng":0.014356407845596664,"std_lat":0.006115846821863391,"std_lng":0.005554217160208985},"exact_count":1373,"original":{"correlation":0.12203337794456942,"mean_lat":38.50558294683176,"mean_lng":-77.45050595630008,"std_lat":0.7106911631247124,"std_lng":0.7588970166284648},"reduced":{"correlation":0.12373857066248602,"mean_lat":38.50864630532213,"mean_lng":-77.46486236414567,"std_lat":0.704575316302849,"std_lng":0.7533427994682558}}