{"available":true,"displayed_count":30,"error":{"correlation":0.19816873426948045,"mean_lat":0.4377244205128221,"mean_lng":0.0015794009324139324,"std_lat":0.7011310738830239,"std_lng":0.8187975342094178},"exact_count":429,"original":{"correlation":-0.38255722210907245,"mean_lat":33.53233084615385,"mean_lng":-112.00097106759908,"std_lat":0.7100094751742487,"std_lng":0.7100116477411018},"reduced":{"correlation":-0.184388487839592,"mean_lat":33.97005526666667,"mean_lng":-111.99939166666667,"std_lat":1.4111405490572726,"std_lng":1.5288091819505196}}