{"available":true,"displayed_count":639,"error":{"correlation":0.0,"mean_lat":0.0,"mean_lng":0.0,"std_lat":0.0,"std_lng":0.0},"exact_count":639,"original":{"correlation":-0.21677072467410108,"mean_lat":27.968479419405323,"mean_lng":-82.40634076369327,"std_lat":0.08725774837429336,"std_lng":0.09491963565175404},"reduced":{"correlation":-0.21677072467410108,"mean_lat":27.968479419405323,"mean_lng":-82.40634076369327,"std_lat":0.08725774837429336,"std_lng":0.09491963565175404}}