{"available":true,"displayed_count":410,"error":{"correlation":0.005813030917651729,"mean_lat":0.0057347693175984205,"mean_lng":0.003879807207141539,"std_lat":0.002840036346288627,"std_lng":0.004764876039137694},"exact_count":821,"original":{"correlation":-0.5519163520345783,"mean_lat":41.86682215956151,"mean_lng":-87.78057009013398,"std_lat":0.12895048172706478,"std_lng":0.16909198008842194},"reduced":{"correlation":-0.5577293829522301,"mean_lat":41.86108739024391,"mean_lng":-87.77669028292684,"std_lat":0.1317905180733534,"std_lng":0.17385685612755963}}