{"available":true,"displayed_count":302,"error":{"correlation":0.048366216778103266,"mean_lat":0.01560552895855949,"mean_lng":0.0006935488346613283,"std_lat":0.0004336178142016478,"std_lng":0.01365481467848223},"exact_count":1163,"original":{"correlation":0.7463282964098988,"mean_lat":40.499188067067934,"mean_lng":-74.46841439982803,"std_lat":0.4312280886793263,"std_lng":0.3834577382785352},"reduced":{"correlation":0.6979620796317956,"mean_lat":40.51479359602649,"mean_lng":-74.46772085099337,"std_lat":0.4307944708651247,"std_lng":0.36980292360005296}}