{"available":true,"displayed_count":38,"error":{"correlation":0.050347952412483826,"mean_lat":0.1027675667812673,"mean_lng":0.3398322851097646,"std_lat":0.14020647643722428,"std_lng":0.4240037140252413},"exact_count":199,"original":{"correlation":0.038363071207345494,"mean_lat":39.52555714572864,"mean_lng":-105.32470524120603,"std_lat":0.48020834354774433,"std_lng":0.8424264531476124},"reduced":{"correlation":-0.011984881205138336,"mean_lat":39.42278957894737,"mean_lng":-105.6645375263158,"std_lat":0.6204148199849686,"std_lng":1.2664301671728537}}