{"available":true,"displayed_count":301,"error":{"correlation":2.7580914993496908e-05,"mean_lat":0.004796084587688654,"mean_lng":0.001615161403321963,"std_lat":0.0074943816687660925,"std_lng":0.002924637062199101},"exact_count":716,"original":{"correlation":0.0446389780487569,"mean_lat":35.2149306396648,"mean_lng":-80.84035443715084,"std_lat":0.0840017287202155,"std_lng":0.07203490953687845},"reduced":{"correlation":0.0446113971337634,"mean_lat":35.21972672425249,"mean_lng":-80.83873927574751,"std_lat":0.09149611038898159,"std_lng":0.07495954659907755}}