{"available":true,"displayed_count":16,"error":{"correlation":0.06082179377042597,"mean_lat":0.03167333508496739,"mean_lng":0.5622915429337922,"std_lat":0.23842589133190148,"std_lng":1.365355271416243},"exact_count":559,"original":{"correlation":0.10667220668601245,"mean_lat":41.242869352415035,"mean_lng":-96.0734899570662,"std_lat":0.09104205084148306,"std_lng":0.46522603642356597},"reduced":{"correlation":0.16749400045643842,"mean_lat":41.2745426875,"mean_lng":-96.6357815,"std_lat":0.32946794217338454,"std_lng":1.8305813078398088}}