{"available":true,"displayed_count":582,"error":{"correlation":0.006540817859345016,"mean_lat":0.00014333155749568505,"mean_lng":0.010584422164811258,"std_lat":0.003805139133093438,"std_lng":0.00594999302169269},"exact_count":1163,"original":{"correlation":0.7463282964098988,"mean_lat":40.499188067067934,"mean_lng":-74.46841439982803,"std_lat":0.4312280886793263,"std_lng":0.3834577382785352},"reduced":{"correlation":0.7397874785505538,"mean_lat":40.49933139862543,"mean_lng":-74.45782997766322,"std_lat":0.43503322781241976,"std_lng":0.3775077452568425}}