{"available":true,"displayed_count":204,"error":{"correlation":0.030621502533944356,"mean_lat":0.46286702657803147,"mean_lng":0.3835623272629647,"std_lat":0.553076536453746,"std_lng":0.37579401618827873},"exact_count":2920,"original":{"correlation":0.5650759287160747,"mean_lat":41.901821595205476,"mean_lng":-88.03341585410959,"std_lat":0.4965988256039529,"std_lng":0.3598442786634068},"reduced":{"correlation":0.5956974312500191,"mean_lat":41.438954568627445,"mean_lng":-88.41697818137256,"std_lat":1.0496753620576988,"std_lng":0.7356382948516855}}