{"available":true,"displayed_count":91,"error":{"correlation":0.11266071484998791,"mean_lat":0.0238467006000036,"mean_lng":0.02526073316253985,"std_lat":0.04715481106208452,"std_lng":0.07747898187714064},"exact_count":2282,"original":{"correlation":-0.38355550308185504,"mean_lat":33.6908235907099,"mean_lng":-84.0889652936021,"std_lat":0.4479248136143815,"std_lng":0.7417346251151957},"reduced":{"correlation":-0.49621621793184295,"mean_lat":33.66697689010989,"mean_lng":-84.06370456043956,"std_lat":0.400770002552297,"std_lng":0.8192136069923364}}