{"available":true,"displayed_count":102,"error":{"correlation":0.13018750179696412,"mean_lat":0.018654888148368798,"mean_lng":0.10798844634406635,"std_lat":0.04687436084014984,"std_lng":0.10258060928699009},"exact_count":203,"original":{"correlation":0.1353410691481391,"mean_lat":44.74240581773399,"mean_lng":-121.90640805418718,"std_lat":1.0992646636404328,"std_lng":1.8366444915081612},"reduced":{"correlation":0.0051535673511749844,"mean_lat":44.76106070588236,"mean_lng":-121.79841960784312,"std_lat":1.052390302800283,"std_lng":1.9392251007951513}}