{"available":true,"displayed_count":58,"error":{"correlation":0.19237482572134695,"mean_lat":0.9576795089985808,"mean_lng":0.7337669045110857,"std_lat":0.7049429767933162,"std_lng":0.4518487266048156},"exact_count":2920,"original":{"correlation":0.5650759287160747,"mean_lat":41.901821595205476,"mean_lng":-88.03341585410959,"std_lat":0.4965988256039529,"std_lng":0.3598442786634068},"reduced":{"correlation":0.37270110299472775,"mean_lat":40.944142086206895,"mean_lng":-88.76718275862068,"std_lat":1.201541802397269,"std_lng":0.8116930052682224}}