{"available":true,"displayed_count":21,"error":{"correlation":0.06583713143820455,"mean_lat":0.005291027001867121,"mean_lng":0.0005991038174926189,"std_lat":0.013528345362797886,"std_lng":0.011994681025105078},"exact_count":716,"original":{"correlation":0.0446389780487569,"mean_lat":35.2149306396648,"mean_lng":-80.84035443715084,"std_lat":0.0840017287202155,"std_lng":0.07203490953687845},"reduced":{"correlation":-0.02119815338944766,"mean_lat":35.22022166666667,"mean_lng":-80.83975533333334,"std_lat":0.07047338335741761,"std_lng":0.060040228511773375}}