{"available":true,"displayed_count":253,"error":{"correlation":0.0771611248977967,"mean_lat":0.669720612380047,"mean_lng":0.3987476267431873,"std_lat":0.12547084047654877,"std_lng":0.2639073354586481},"exact_count":6323,"original":{"correlation":-0.6593657108089224,"mean_lat":27.43951834809426,"mean_lng":-81.44445542464021,"std_lat":1.1679375825937848,"std_lng":1.014550165795276},"reduced":{"correlation":-0.5822045859111257,"mean_lat":28.109238960474308,"mean_lng":-81.8432030513834,"std_lat":1.2934084230703335,"std_lng":1.278457501253924}}