{"available":true,"displayed_count":24,"error":{"correlation":0.055127669060874296,"mean_lat":0.13782106773399505,"mean_lng":0.8785547625205226,"std_lat":0.08173652807919751,"std_lng":0.5277275900053},"exact_count":203,"original":{"correlation":0.1353410691481391,"mean_lat":44.74240581773399,"mean_lng":-121.90640805418718,"std_lat":1.0992646636404328,"std_lng":1.8366444915081612},"reduced":{"correlation":0.1904687382090134,"mean_lat":44.604584749999994,"mean_lng":-121.02785329166666,"std_lat":1.1810011917196304,"std_lng":2.3643720815134612}}