{"available":true,"displayed_count":186,"error":{"correlation":0.24748329912572847,"mean_lat":0.10585991653029936,"mean_lng":0.140740911999913,"std_lat":0.09933545666522464,"std_lng":0.012629089036189534},"exact_count":1163,"original":{"correlation":0.7463282964098988,"mean_lat":40.499188067067934,"mean_lng":-74.46841439982803,"std_lat":0.4312280886793263,"std_lng":0.3834577382785352},"reduced":{"correlation":0.49884499728417037,"mean_lat":40.393328150537634,"mean_lng":-74.60915531182795,"std_lat":0.530563545344551,"std_lng":0.37082864924234565}}