{"available":true,"displayed_count":134,"error":{"correlation":0.08452088751751147,"mean_lat":0.010307914038818922,"mean_lng":0.02936054887219086,"std_lat":0.011739001088774723,"std_lng":0.011235995591831846},"exact_count":266,"original":{"correlation":-0.4469454550994148,"mean_lat":39.02748001879699,"mean_lng":-77.50051845112782,"std_lat":0.0747135260279538,"std_lng":0.09173212460418598},"reduced":{"correlation":-0.5314663426169263,"mean_lat":39.03778793283581,"mean_lng":-77.52987900000001,"std_lat":0.08645252711672852,"std_lng":0.10296812019601782}}