{"available":true,"displayed_count":19,"error":{"correlation":0.0034738947933399267,"mean_lat":0.07232361278195043,"mean_lng":0.10368139097744233,"std_lat":0.04400553431386123,"std_lng":0.023473891882646702},"exact_count":266,"original":{"correlation":-0.4469454550994148,"mean_lat":39.02748001879699,"mean_lng":-77.50051845112782,"std_lat":0.0747135260279538,"std_lng":0.09173212460418598},"reduced":{"correlation":-0.4434715603060749,"mean_lat":39.09980363157894,"mean_lng":-77.60419984210526,"std_lat":0.11871906034181502,"std_lng":0.11520601648683268}}