{"available":true,"displayed_count":275,"error":{"correlation":0.0160311890548116,"mean_lat":0.00796903956150885,"mean_lng":0.015121757138743419,"std_lat":0.027383852220769167,"std_lng":0.002156635317475175},"exact_count":821,"original":{"correlation":-0.5519163520345783,"mean_lat":41.86682215956151,"mean_lng":-87.78057009013398,"std_lat":0.12895048172706478,"std_lng":0.16909198008842194},"reduced":{"correlation":-0.5679475410893899,"mean_lat":41.85885312,"mean_lng":-87.79569184727272,"std_lat":0.15633433394783394,"std_lng":0.16693534477094676}}