{"applied_min_pixel_distance":null,"available":true,"baseline_distances":null,"baseline_equivalent_percentage":null,"baseline_key":null,"baseline_label":null,"baseline_n_points":null,"baseline_percentage":null,"baseline_source_county":null,"baseline_source_percentage":null,"baseline_source_state":null,"baseline_source_zoom":null,"complete":null,"country_min_distance":null,"country_min_pixel_distance":null,"current_distances":{"bottleneck_h0":0.29580584168434143,"bottleneck_h1":0.16364523768424988,"wasserstein_h0":6.864270391348255,"wasserstein_h1":0.8515756726722346},"current_label":null,"current_percentage":null,"displayed_count":47,"distances":{"bottleneck_h0":0.29580584168434143,"bottleneck_h1":0.16364523768424988,"wasserstein_h0":6.864270391348255,"wasserstein_h1":0.8515756726722346},"exact_count":1163,"normalized_distances":null,"original":{"h0":[[0.0,1.3486991292666062e-06],[0.0,1.3486991292666062e-06],[0.0,1.3486991292666062e-06],[0.0,1.3486991292666062e-06],[0.0,1.3486991292666062e-06],[0.0,1.3486991292666062e-06],[0.0,1.3486991292666062e-06],[0.0,0.00020303858036641032],[0.0,0.00020597819820977747],[0.0,0.0002464210265316069],[0.0,0.00035521903191693127],[0.0,0.00037706695729866624],[0.0,0.0004285851027816534],[0.0,0.00044820664334110916],[0.0,0.0004531177692115307],[0.0,0.0005346575635485351],[0.0,0.000610971124842763],[0.0,0.0006291345343925059],[0.0,0.0006796714733354747],[0.0,0.0007189667085185647],[0.0,0.0007578345248475671],[0.0,0.00081557163503021],[0.0,0.0009607079555280507],[0.0,0.0009712876635603607],[0.0,0.0010153698967769742],[0.0,0.0010321743320673704],[0.0,0.0010680360719561577],[0.0,0.0010698245605453849],[0.0,0.001107467571273446],[0.0,0.0012438282137736678],[0.0,0.0012495201081037521],[0.0,0.0012784750433638692],[0.0,0.0012996012810617685],[0.0,0.0013670088956132531],[0.0,0.001408701529726386],[0.0,0.0016447793459519744],[0.0,0.001654254156164825],[0.0,0.0016556865302845836],[0.0,0.0017814802704378963],[0.0,0.0018024126766249537],[0.0,0.0018548291409388185],[0.0,0.0019021050538867712],[0.0,0.0019186571007594466],[0.0,0.0020255616400390863],[0.0,0.002119907643646002],[0.0,0.002143608871847391],[0.0,0.002146215410903096],[0.0,0.0021667054388672113],[0.0,0.002206414006650448],[0.0,0.0022374207619577646],[0.0,0.002242953982204199],[0.0,0.0023609965573996305],[0.0,0.002382241655141115],[0.0,0.002406628569588065],[0.0,0.002498060232028365],[0.0,0.002538420958444476],[0.0,0.002573961392045021],[0.0,0.0026174834929406643],[0.0,0.0027102951426059008],[0.0,0.0027499848511070013],[0.0,0.002755714114755392],[0.0,0.0027858244720846415],[0.0,0.0028102477081120014],[0.0,0.002810809528455138],[0.0,0.002869528718292713],[0.0,0.0029406878165900707],[0.0,0.0030584002379328012],[0.0,0.003184364642947912],[0.0,0.0031937342137098312],[0.0,0.0032271379604935646],[0.0,0.003250246401876211],[0.0,0.003472001990303397],[0.0,0.003551191883161664],[0.0,0.0035625037271529436],[0.0,0.0035717471037060022],[0.0,0.0035803713835775852],[0.0,0.0036125893238931894],[0.0,0.00365605391561985],[0.0,0.003693317761644721],[0.0,0.0038690264336764812],[0.0,0.003894938388839364],[0.0,0.00396349560469389],[0.0,0.003963646944612265],[0.0,0.003992555662989616],[0.0,0.00399332819506526],[0.0,0.0040040211752057076],[0.0,0.004077082499861717],[0.0,0.00410684896633029],[0.0,0.004119883757084608],[0.0,0.004155118949711323],[0.0,0.004183026030659676],[0.0,0.0043541365303099155],[0.0,0.004509143531322479],[0.0,0.00460027577355504],[0.0,0.00467567378655076],[0.0,0.004737678915262222],[0.0,0.004789245780557394],[0.0,0.004859269596636295],[0.0,0.004884378984570503],[0.0,0.004891078453511],[0.0,0.005051880143582821],[0.0,0.00505915516987443],[0.0,0.005123715382069349],[0.0,0.005327145103365183],[0.0,0.005368854850530624],[0.0,0.005378151778131723],[0.0,0.005393906030803919],[0.0,0.00540608586743474],[0.0,0.00546925188973546],[0.0,0.005483011249452829],[0.0,0.005512839648872614],[0.0,0.005563135724514723],[0.0,0.005616897717118263],[0.0,0.0057148402556777],[0.0,0.0057783364318311214],[0.0,0.005879065487533808],[0.0,0.0059077502228319645],[0.0,0.005921918898820877],[0.0,0.006012755911797285],[0.0,0.006224219221621752],[0.0,0.006254045758396387],[0.0,0.006260511931031942],[0.0,0.006376816891133785],[0.0,0.00659184530377388],[0.0,0.006757279857993126],[0.0,0.006778200622648001],[0.0,0.006851860787719488],[0.0,0.006903680972754955],[0.0,0.0069156838580966],[0.0,0.0069199721328914165],[0.0,0.006952864117920399],[0.0,0.006961043458431959],[0.0,0.007040686905384064],[0.0,0.007197530474513769],[0.0,0.007402418181300163],[0.0,0.00740616861730814],[0.0,0.007420804817229509],[0.0,0.00747192557901144],[0.0,0.00750933401286602],[0.0,0.007658682763576508],[0.0,0.007870480418205261],[0.0,0.007895399816334248],[0.0,0.007985448464751244],[0.0,0.008052494376897812],[0.0,0.00808705110102892],[0.0,0.008151494897902012],[0.0,0.008173844777047634],[0.0,0.008354086428880692],[0.0,0.008385767228901386],[0.0,0.008514069952070713],[0.0,0.008532200008630753],[0.0,0.008699913509190083],[0.0,0.008727453649044037],[0.0,0.008855123072862625],[0.0,0.008895122446119785],[0.0,0.009263393469154835],[0.0,0.009298846125602722],[0.0,0.009633820503950119],[0.0,0.009669804945588112],[0.0,0.009703545831143856],[0.0,0.009963415563106537],[0.0,0.009989657439291477],[0.0,0.010011648759245872],[0.0,0.010041343048214912],[0.0,0.010052604600787163],[0.0,0.010123981162905693],[0.0,0.010141543112695217],[0.0,0.010285683907568455],[0.0,0.01031473558396101],[0.0,0.01042187213897705],[0.0,0.010510570369660854],[0.0,0.010580455884337425],[0.0,0.010668226517736912],[0.0,0.010721112601459026],[0.0,0.010755086317658424],[0.0,0.010760587640106678],[0.0,0.010903066955506802],[0.0,0.010924452915787697],[0.0,0.01095473300665617],[0.0,0.011037933640182018],[0.0,0.011079487390816212],[0.0,0.011118239723145962],[0.0,0.01121267769485712],[0.0,0.011373033747076988],[0.0,0.011700098402798176],[0.0,0.012051927857100964],[0.0,0.012061898596584797],[0.0,0.012158072553575039],[0.0,0.01240338385105133],[0.0,0.012577670626342297],[0.0,0.012788493186235428],[0.0,0.012901220470666885],[0.0,0.012999903410673141],[0.0,0.013091099448502064],[0.0,0.013123420998454094],[0.0,0.013160782866179943],[0.0,0.01339070126414299],[0.0,0.013409282080829144],[0.0,0.013428401201963425],[0.0,0.013443602249026299],[0.0,0.013465270400047302],[0.0,0.013639254495501518],[0.0,0.013829406350851059],[0.0,0.013833609409630299],[0.0,0.013867747969925404],[0.0,0.014002574607729912],[0.0,0.014058034867048264],[0.0,0.014110960997641087],[0.0,0.014123124070465565],[0.0,0.014407147653400898],[0.0,0.014423444867134094],[0.0,0.014462205581367016],[0.0,0.014480004087090492],[0.0,0.014503272250294685],[0.0,0.014511968940496445],[0.0,0.014554434455931187],[0.0,0.014749578200280666],[0.0,0.014775480143725872],[0.0,0.014899156056344509],[0.0,0.01493316050618887],[0.0,0.015126829966902733],[0.0,0.015127911232411861],[0.0,0.01513280626386404],[0.0,0.015212546102702618],[0.0,0.015271749347448349],[0.0,0.015275930985808372],[0.0,0.015362609177827835],[0.0,0.015369082801043987],[0.0,0.015550081618130207],[0.0,0.01584073156118393],[0.0,0.015855444595217705],[0.0,0.015865162014961243],[0.0,0.016059089452028275],[0.0,0.016140269115567207],[0.0,0.0163884237408638],[0.0,0.01642696000635624],[0.0,0.016431251540780067],[0.0,0.016462417319417],[0.0,0.016942009329795837],[0.0,0.017176352441310883],[0.0,0.01728428155183792],[0.0,0.017749646678566933],[0.0,0.017808061093091965],[0.0,0.017811279743909836],[0.0,0.017909128218889236],[0.0,0.01794358715415001],[0.0,0.018177390098571777],[0.0,0.01822207309305668],[0.0,0.018345968797802925],[0.0,0.018475543707609177],[0.0,0.018566587939858437],[0.0,0.01860978454351425],[0.0,0.01865531876683235],[0.0,0.01897892914712429],[0.0,0.019153563305735588],[0.0,0.019333655014634132],[0.0,0.01939617283642292],[0.0,0.01953882724046707],[0.0,0.019544292241334915],[0.0,0.019839951768517494],[0.0,0.019925273954868317],[0.0,0.019996004179120064],[0.0,0.02023281157016754],[0.0,