{"available":true,"displayed_count":102,"error":{"correlation":0.011262625998788953,"mean_lat":0.07077316087124075,"mean_lng":0.30848460320677873,"std_lat":0.012464443094599487,"std_lng":0.24561004438603962},"exact_count":203,"original":{"correlation":0.1353410691481391,"mean_lat":44.74240581773399,"mean_lng":-121.90640805418718,"std_lat":1.0992646636404328,"std_lng":1.8366444915081612},"reduced":{"correlation":0.12407844314935014,"mean_lat":44.67163265686275,"mean_lng":-121.5979234509804,"std_lat":1.1117291067350323,"std_lng":2.082254535894201}}