{"available":true,"displayed_count":1163,"error":{"correlation":0.0,"mean_lat":0.0,"mean_lng":0.0,"std_lat":0.0,"std_lng":0.0},"exact_count":1163,"original":{"correlation":0.7463282964098988,"mean_lat":40.499188067067934,"mean_lng":-74.46841439982803,"std_lat":0.4312280886793263,"std_lng":0.3834577382785352},"reduced":{"correlation":0.7463282964098988,"mean_lat":40.499188067067934,"mean_lng":-74.46841439982803,"std_lat":0.4312280886793263,"std_lng":0.3834577382785352}}