{"available":true,"displayed_count":263,"error":{"correlation":0.011552399506795541,"mean_lat":0.008991574010174475,"mean_lng":0.01926392127286647,"std_lat":0.028419571479010503,"std_lng":0.0012881715290725126},"exact_count":821,"original":{"correlation":-0.5519163520345783,"mean_lat":41.86682215956151,"mean_lng":-87.78057009013398,"std_lat":0.12895048172706478,"std_lng":0.16909198008842194},"reduced":{"correlation":-0.5634687515413739,"mean_lat":41.85783058555133,"mean_lng":-87.79983401140684,"std_lat":0.15737005320607528,"std_lng":0.16780380855934943}}