{"available":true,"displayed_count":88,"error":{"correlation":0.10740936459314099,"mean_lat":0.8410878792963814,"mean_lng":0.6519147140722339,"std_lat":0.7021240800509658,"std_lng":0.4613555038063674},"exact_count":2920,"original":{"correlation":0.5650759287160747,"mean_lat":41.901821595205476,"mean_lng":-88.03341585410959,"std_lat":0.4965988256039529,"std_lng":0.3598442786634068},"reduced":{"correlation":0.4576665641229337,"mean_lat":41.060733715909095,"mean_lng":-88.68533056818183,"std_lat":1.1987229056549187,"std_lng":0.8211997824697742}}