{"available":true,"displayed_count":1075,"error":{"correlation":0.1376282903632814,"mean_lat":0.4417152286499295,"mean_lng":0.2577215725690962,"std_lat":0.0263860141858947,"std_lng":0.030177311127761675},"exact_count":6323,"original":{"correlation":-0.6593657108089224,"mean_lat":27.43951834809426,"mean_lng":-81.44445542464021,"std_lat":1.1679375825937848,"std_lng":1.014550165795276},"reduced":{"correlation":-0.521737420445641,"mean_lat":27.88123357674419,"mean_lng":-81.7021769972093,"std_lat":1.1943235967796795,"std_lng":1.0447274769230377}}