{"available":true,"displayed_count":26,"error":{"correlation":0.039384557862365915,"mean_lat":0.0179898113639112,"mean_lng":0.01976496707595743,"std_lat":0.0067099256173959315,"std_lng":0.015511870691124419},"exact_count":639,"original":{"correlation":-0.21677072467410108,"mean_lat":27.968479419405323,"mean_lng":-82.40634076369327,"std_lat":0.08725774837429336,"std_lng":0.09491963565175404},"reduced":{"correlation":-0.17738616681173516,"mean_lat":27.986469230769234,"mean_lng":-82.42610573076922,"std_lat":0.09396767399168929,"std_lng":0.07940776496062962}}