{"available":true,"displayed_count":69,"error":{"correlation":0.5475850256291577,"mean_lat":0.21586287161212425,"mean_lng":0.7058706794860399,"std_lat":0.16972541937343533,"std_lng":0.46890391339405946},"exact_count":970,"original":{"correlation":0.5738316771838443,"mean_lat":35.3540332443299,"mean_lng":-80.46475540412372,"std_lat":0.3061944917115558,"std_lng":0.8679310616074577},"reduced":{"correlation":0.02624665155468668,"mean_lat":35.56989611594202,"mean_lng":-79.75888472463768,"std_lat":0.47591991108499115,"std_lng":1.3368349750015172}}