{"available":true,"displayed_count":6,"error":{"correlation":0.03772952096793651,"mean_lat":0.016950829166667347,"mean_lng":0.015594895833373812,"std_lat":0.022674658993223906,"std_lng":0.059279718490126504},"exact_count":80,"original":{"correlation":-0.07101127855482756,"mean_lat":40.6929951625,"mean_lng":-111.92034493749998,"std_lat":0.06198452069739742,"std_lng":0.07426934450722941},"reduced":{"correlation":-0.033281757586891045,"mean_lat":40.67604433333333,"mean_lng":-111.93593983333335,"std_lat":0.08465917969062133,"std_lng":0.13354906299735592}}