{"available":true,"displayed_count":155,"error":{"correlation":0.3401715801528807,"mean_lat":0.2004737234120384,"mean_lng":0.5264184299301604,"std_lat":0.11479678840091995,"std_lng":0.3784901784740461},"exact_count":970,"original":{"correlation":0.5738316771838443,"mean_lat":35.3540332443299,"mean_lng":-80.46475540412372,"std_lat":0.3061944917115558,"std_lng":0.8679310616074577},"reduced":{"correlation":0.23366009703096363,"mean_lat":35.554506967741936,"mean_lng":-79.93833697419356,"std_lat":0.4209912801124758,"std_lng":1.2464212400815038}}