{"available":true,"displayed_count":32,"error":{"correlation":0.09635990639575193,"mean_lat":0.5948171041666726,"mean_lng":0.04478321780304384,"std_lat":0.3067731446062457,"std_lng":0.3013186190221899},"exact_count":132,"original":{"correlation":0.2984100477421962,"mean_lat":40.35702866666667,"mean_lng":-111.91012453030304,"std_lat":0.8826152258291889,"std_lng":0.5566586614368562},"reduced":{"correlation":0.39476995413794813,"mean_lat":39.7622115625,"mean_lng":-111.8653413125,"std_lat":1.1893883704354347,"std_lng":0.8579772804590461}}