{"available":true,"displayed_count":29,"error":{"correlation":0.17405130031443478,"mean_lat":0.005990018975140288,"mean_lng":0.01795921802158773,"std_lat":0.014969419266567266,"std_lng":0.0061604132536372536},"exact_count":716,"original":{"correlation":0.0446389780487569,"mean_lat":35.2149306396648,"mean_lng":-80.84035443715084,"std_lat":0.0840017287202155,"std_lng":0.07203490953687845},"reduced":{"correlation":-0.12941232226567786,"mean_lat":35.20894062068966,"mean_lng":-80.85831365517242,"std_lat":0.09897114798678276,"std_lng":0.0658744962832412}}