{"available":true,"displayed_count":280,"error":{"correlation":0.24189528894695433,"mean_lat":0.005632172584967066,"mean_lng":0.020733746351908167,"std_lat":0.02636652625110633,"std_lng":0.3633715274848952},"exact_count":559,"original":{"correlation":0.10667220668601245,"mean_lat":41.242869352415035,"mean_lng":-96.0734899570662,"std_lat":0.09104205084148306,"std_lng":0.46522603642356597},"reduced":{"correlation":-0.13522308226094187,"mean_lat":41.248501525,"mean_lng":-96.05275621071429,"std_lat":0.1174085770925894,"std_lng":0.10185450893867079}}