{"applied_min_pixel_distance":null,"available":true,"baseline_distances":null,"baseline_equivalent_percentage":null,"baseline_key":null,"baseline_label":null,"baseline_n_points":null,"baseline_percentage":null,"baseline_source_county":null,"baseline_source_percentage":null,"baseline_source_state":null,"baseline_source_zoom":null,"complete":null,"country_min_distance":null,"country_min_pixel_distance":null,"current_distances":{"bottleneck_h0":0.11830158531665802,"bottleneck_h1":0.010441488586366177,"wasserstein_h0":1.0262232434875385,"wasserstein_h1":0.04676770517526096},"current_label":null,"current_percentage":null,"displayed_count":2,"distances":{"bottleneck_h0":0.11830158531665802,"bottleneck_h1":0.010441488586366177,"wasserstein_h0":1.0262232434875385,"wasserstein_h1":0.04676770517526096},"exact_count":80,"normalized_distances":null,"original":{"h0":[[0.0,0.00022471934789791703],[0.0,0.0010124240070581436],[0.0,0.0011780622880905867],[0.0,0.0031854354310780764],[0.0,0.0035034276079386473],[0.0,0.003672002349048853],[0.0,0.005008692853152752],[0.0,0.005067517980933189],[0.0,0.005214719567447901],[0.0,0.00600220775231719],[0.0,0.00674699991941452],[0.0,0.00750046968460083],[0.0,0.008064821362495422],[0.0,0.008160055615007877],[0.0,0.008622199296951294],[0.0,0.009175082668662071],[0.0,0.009405557066202164],[0.0,0.009584074839949608],[0.0,0.010748875327408314],[0.0,0.01082118321210146],[0.0,0.01142780389636755],[0.0,0.01168034691363573],[0.0,0.012435806915163994],[0.0,0.012492958456277847],[0.0,0.01260204054415226],[0.0,0.012654416263103485],[0.0,0.01265517808496952],[0.0,0.01345366146415472],[0.0,0.013456614688038826],[0.0,0.013459814712405205],[0.0,0.013491541147232056],[0.0,0.013616139069199562],[0.0,0.01433692779392004],[0.0,0.014554526656866074],[0.0,0.015125298872590065],[0.0,0.01609479822218418],[0.0,0.01629793271422386],[0.0,0.016304664313793182],[0.0,0.016378063708543777],[0.0,0.016507210209965706],[0.0,0.01719786413013935],[0.0,0.018966471776366234],[0.0,0.020220039412379265],[0.0,0.020253058522939682],[0.0,0.02071104384958744],[0.0,0.021498465910553932],[0.0,0.02240103855729103],[0.0,0.022760001942515373],[0.0,0.023000717163085938],[0.0,0.02312837727367878],[0.0,0.023768477141857147],[0.0,0.024432582780718803],[0.0,0.025770436972379684],[0.0,0.026312168687582016],[0.0,0.02766365557909012],[0.0,0.02830146625638008],[0.0,0.028495173901319504],[0.0,0.02956252358853817],[0.0,0.03552171215415001],[0.0,0.03603439778089523],[0.0,0.03888092562556267],[0.0,0.039175402373075485],[0.0,0.04532705619931221],[0.0,0.04818553104996681],[0.0,0.048686958849430084],[0.0,0.051043711602687836],[0.0,0.05636491999030113],[0.0,0.07700183242559433]],"h1":[[0.06422311067581177,0.0849795714020729],[0.04186061769723892,0.04648487642407417],[0.03954561799764633,0.048327475786209106],[0.030697161331772804,0.05158013850450516],[0.030501220375299454,0.030948515981435776],[0.02762601710855961,0.03211021050810814],[0.02230432815849781,0.025330018252134323],[0.020862562581896782,0.023999352008104324]]},"reduced":{"h0":[[0.0,0.23660317063331604]],"h1":[]},"source_min_pixel_distance":null}