{"applied_min_pixel_distance":null,"available":true,"baseline_distances":null,"baseline_equivalent_percentage":null,"baseline_key":null,"baseline_label":null,"baseline_n_points":null,"baseline_percentage":null,"baseline_source_county":null,"baseline_source_percentage":null,"baseline_source_state":null,"baseline_source_zoom":null,"complete":null,"country_min_distance":null,"country_min_pixel_distance":null,"current_distances":{"bottleneck_h0":0.34165096282958984,"bottleneck_h1":0.14851653575897217,"wasserstein_h0":9.239121511033373,"wasserstein_h1":1.0217620888386183},"current_label":null,"current_percentage":null,"displayed_count":112,"distances":{"bottleneck_h0":0.34165096282958984,"bottleneck_h1":0.14851653575897217,"wasserstein_h0":9.239121511033373,"wasserstein_h1":1.0217620888386183},"exact_count":429,"normalized_distances":null,"original":{"h0":[[0.0,1.3486991292666062e-06],[0.0,1.9073486328125e-06],[0.0,1.9073486328125e-06],[0.0,1.9073486328125e-06],[0.0,1.9073486328125e-06],[0.0,1.9073486328125e-06],[0.0,1.9073486328125e-06],[0.0,1.9073486328125e-06],[0.0,2.6973982585332124e-06],[0.0,4.046097274112981e-06],[0.0,1.1987500329269096e-05],[0.0,6.0194906836841255e-05],[0.0,0.00013499798660632223],[0.0,0.00027054111706092954],[0.0,0.0003185100795235485],[0.0,0.00035501542151905596],[0.0,0.0004232530773151666],[0.0,0.0005164743051864207],[0.0,0.0005680713802576065],[0.0,0.0005950652412138879],[0.0,0.0006239392096176744],[0.0,0.0006340406835079193],[0.0,0.0006500743911601603],[0.0,0.0007259973790496588],[0.0,0.0007733681122772396],[0.0,0.0007940391078591347],[0.0,0.0008551581995561719],[0.0,0.0009555702563375235],[0.0,0.0010130006121471524],[0.0,0.0011901679681614041],[0.0,0.0012174398871138692],[0.0,0.001304645324125886],[0.0,0.001342013943940401],[0.0,0.0013509260024875402],[0.0,0.0014132584910839796],[0.0,0.0014803531812503934],[0.0,0.001576230046339333],[0.0,0.0015940202865749598],[0.0,0.0016941180219873786],[0.0,0.0019510251004248857],[0.0,0.0020330511033535004],[0.0,0.002108671935275197],[0.0,0.0021512783132493496],[0.0,0.002348297042772174],[0.0,0.0023858121130615473],[0.0,0.0024661782663315535],[0.0,0.0027553036343306303],[0.0,0.0028003035113215446],[0.0,0.0029322728514671326],[0.0,0.0029415981844067574],[0.0,0.0030536705162376165],[0.0,0.0032682449091225863],[0.0,0.003309455933049321],[0.0,0.0034420921001583338],[0.0,0.0035097389481961727],[0.0,0.0036441117990761995],[0.0,0.003725050250068307],[0.0,0.0037320773117244244],[0.0,0.003755174344405532],[0.0,0.003803603583946824],[0.0,0.004100012127310038],[0.0,0.004194129724055529],[0.0,0.004332011565566063],[0.0,0.0044305333867669106],[0.0,0.004529459867626429],[0.0,0.00460244482383132],[0.0,0.0047960104420781136],[0.0,0.004927900154143572],[0.0,0.004941032268106937],[0.0,0.004976790398359299],[0.0,0.005028916522860527],[0.0,0.0050482554361224174],[0.0,0.005130087956786156],[0.0,0.005199394188821316],[0.0,0.00521062221378088],[0.0,0.005378196481615305],[0.0,0.005384811665862799],[0.0,0.005425693467259407],[0.0,0.005507640074938536],[0.0,0.005597631447017193],[0.0,0.005664856638759375],[0.0,0.005731136538088322],[0.0,0.005832160823047161],[0.0,0.0058660125359892845],[0.0,0.005924086552113295],[0.0,0.00595483835786581],[0.0,0.006175475660711527],[0.0,0.00618097884580493],[0.0,0.006198265589773655],[0.0,0.006212575826793909],[0.0,0.006252607796341181],[0.0,0.006281599868088961],[0.0,0.006314973812550306],[0.0,0.006391760427504778],[0.0,0.006406567059457302],[0.0,0.006457863375544548],[0.0,0.006479494273662567],[0.0,0.006550190970301628],[0.0,0.006577277556061745],[0.0,0.006651991978287697],[0.0,0.006727867294102907],[0.0,0.006830065976828337],[0.0,0.007010855711996555],[0.0,0.007119171321392059],[0.0,0.00733500812202692],[0.0,0.0073625934310257435],[0.0,0.007656278554350138],[0.0,0.007806101813912392],[0.0,0.007869434542953968],[0.0,0.0078946053981781],[0.0,0.008060396648943424],[0.0,0.008078338578343391],[0.0,0.008321908302605152],[0.0,0.008392006158828735],[0.0,0.008665362372994423],[0.0,0.008808660320937634],[0.0,0.00883557554334402],[0.0,0.009158738888800144],[0.0,0.00915963388979435],[0.0,0.009225210174918175],[0.0,0.009401090443134308],[0.0,0.009670759551227093],[0.0,0.010081438347697258],[0.0,0.010083729401230812],[0.0,0.010086100548505783],[0.0,0.010185837745666504],[0.0,0.01027410663664341],[0.0,0.010320315137505531],[0.0,0.010432535782456398],[0.0,0.010449937544763088],[0.0,0.010455482639372349],[0.0,0.010510118678212166],[0.0,0.010588961653411388],[0.0,0.010748438537120819],[0.0,0.010773190297186375],[0.0,0.010869291611015797],[0.0,0.010871798731386662],[0.0,0.010919743217527866],[0.0,0.01095283031463623],[0.0,0.010986165143549442],[0.0,0.011000040918588638],[0.0,0.011107205413281918],[0.0,0.011273260228335857],[0.0,0.01127774827182293],[0.0,0.011320110410451889],[0.0,0.011365808546543121],[0.0,0.011402955278754234],[0.0,0.01152043417096138],[0.0,0.01159127987921238],[0.0,0.0115999486297369],[0.0,0.011691385880112648],[0.0,0.012075814418494701],[0.0,0.012115227058529854],[0.0,0.012144142761826515],[0.0,0.012430326081812382],[0.0,0.012522495351731777],[0.0,0.012544120661914349],[0.0,0.012917124666273594],[0.0,0.013141480274498463],[0.0,0.01320821326225996],[0.0,0.013232717290520668],[0.0,0.013238315470516682],[0.0,0.013617189601063728],[0.0,0.013757681474089622],[0.0,0.01410648413002491],[0.0,0.014130031690001488],[0.0,0.014225449413061142],[0.0,0.014325519092381],[0.0,0.014479118399322033],[0.0,0.014979252591729164],[0.0,0.015010000206530094],[0.0,0.015200300142168999],[0.0,0.015301895327866077],[0.0,0.015846844762563705],[0.0,0.015939150005578995],[0.0,0.015943212434649467],[0.0,0.01638108678162098],[0.0,0.016480838879942894],[0.0,0.016611814498901367],[0.0,0.01666080765426159],[0.0,0.016681969165802002],[0.0,0.016738668084144592],[0.0,0.01683216542005539],[0.0,0.017069144174456596],[0.0,0.01727994531393051],[0.0,0.017767585813999176],[0.0,0.01800565794110298],[0.0,0.018023153766989708],[0.0,0.018348626792430878],[0.0,0.018360134214162827],[0.0,0.018573960289359093],[0.0,0.01928648166358471],[0.0,0.019394071772694588],[0.0,0.01944579929113388],[0.0,0.019555607810616493],[0.0,0.019680986180901527],[0.0,0.01980874501168728],[0.0,0.019940944388508797],[0.0,0.01994769461452961],[0.0,0.020280934870243073],[0.0,0.020368652418255806],[0.0,0.02049184776842594],[0.0,0.02050986886024475],[0.0,0.020740076899528503],[0.0,0.021020401269197464],[0.0,0.0213323887437582],[0.0,0.021470393985509872],[0.0,0.021566487848758698],[0.0,0.02296125516295433],[0.0,0.02301889844238758],[0.0,0.02322944439947605],[0.0,0.023289214819669724],[0.0,0.0232927817851305],[0.0,0.023411136120557785],[0.0,0.0234241746366024],[0.0,0.023500513285398483],[0.0,0.023708395659923553],[0.0,0.02389679290354252],[0.0,0.02393709123134613],[0.0,0.024035334587097168],[0.0,0.02423541061580181],[0.0,0.02538396045565605],[0.0,0.025539608672261238],[0.0,0.026583876460790634],[0.0,0.02662608027458191],[0.0,0.02772151678800583],[0.0,0.02816540002822876],[0.0,0.029230494052171707],[0.0,0.029542574658989906],[0.0,0.029616953805088997],[0.0,0.030322035774588585],[0.0,0.030392637476325035],[0.0,0.030469907447695732],[0.0,0.031131330877542496],[0.0,0.03114135004580021],[0.0,0.031569626182317734],[0.0,0.03173168748617172],[0.0,0.03218661993741989],[0.0,0.03223416954278946],[0.0,0.03332056105136871],[0.0,0.034741129726171494],[0.0,0.03475942835211754],[0.0,0.035212744027376175],[0.0,0.03551795333623886],[0.0,0.03614312410354614],[0.0,0.036510445177555084],[0.0,0.03724869713187218],[0.0,0.03806474804878235],[0.0,0.03901335969567299],[0.0,0.03926551342010498],[0.0,0.039321888238191605],[0.0,0.03952200710773468],[0.0,0.03969002142548561],[0.0,0.040165845304727554],[0.0,0.04071012884378433],[0.0,0.04151448979973793],[0.0,0.0419304221868515],[0.0,0.04584057629108429],[0.0,0.04646626114845276],[0.0,0.05021591857075691],[0.0,0.05080301687121391],[0.0,0.05089356005191803],[0.0,0.051429010927677155],[0.0,0.052924707531929016],[0.0,0.05749700963497162],