{"available":true,"displayed_count":33,"error":{"correlation":0.051122182216751466,"mean_lat":0.016539432288787737,"mean_lng":0.016780756800642394,"std_lat":0.0018010996262361467,"std_lng":0.0001322541125018395},"exact_count":821,"original":{"correlation":-0.5519163520345783,"mean_lat":41.86682215956151,"mean_lng":-87.78057009013398,"std_lat":0.12895048172706478,"std_lng":0.16909198008842194},"reduced":{"correlation":-0.6030385342513298,"mean_lat":41.85028272727272,"mean_lng":-87.76378933333334,"std_lat":0.12714938210082863,"std_lng":0.1689597259759201}}