{"applied_min_pixel_distance":null,"available":true,"baseline_distances":null,"baseline_equivalent_percentage":null,"baseline_key":null,"baseline_label":null,"baseline_n_points":null,"baseline_percentage":null,"baseline_source_county":null,"baseline_source_percentage":null,"baseline_source_state":null,"baseline_source_zoom":null,"complete":null,"country_min_distance":null,"country_min_pixel_distance":null,"current_distances":{"bottleneck_h0":0.6360785961151123,"bottleneck_h1":0.1652681529521942,"wasserstein_h0":10.064847829654912,"wasserstein_h1":0.5557308497961548},"current_label":null,"current_percentage":null,"displayed_count":29,"distances":{"bottleneck_h0":0.6360785961151123,"bottleneck_h1":0.1652681529521942,"wasserstein_h0":10.064847829654912,"wasserstein_h1":0.5557308497961548},"exact_count":970,"normalized_distances":null,"original":{"h0":[[0.0,1.3486991292666062e-06],[0.0,1.3486991292666062e-06],[0.0,1.3486991292666062e-06],[0.0,1.3486991292666062e-06],[0.0,1.3486991292666062e-06],[0.0,2.1324806311895372e-06],[0.0,3.0157830224197824e-06],[0.0,1.078959303413285e-05],[0.0,1.6407633665949106e-05],[0.0,3.827787804766558e-05],[0.0,4.8044745199149475e-05],[0.0,0.00012083094770787284],[0.0,0.000121105375001207],[0.0,0.0001257368130609393],[0.0,0.00013038160977885127],[0.0,0.00013764332106802613],[0.0,0.00014317824388854206],[0.0,0.0001600014220457524],[0.0,0.00016999494982883334],[0.0,0.00018123324844054878],[0.0,0.00018653050938155502],[0.0,0.0001932596933329478],[0.0,0.00020518408564385027],[0.0,0.0002463564451318234],[0.0,0.0002913439820986241],[0.0,0.0003130507539026439],[0.0,0.0003138544852845371],[0.0,0.0003327968006487936],[0.0,0.0003445022157393396],[0.0,0.0003635926404967904],[0.0,0.00036673955037258565],[0.0,0.00036810964229516685],[0.0,0.0003717336221598089],[0.0,0.0003858752897940576],[0.0,0.0003946103388443589],[0.0,0.00042218592716380954],[0.0,0.00042258642497472465],[0.0,0.00043313196511007845],[0.0,0.00045174980186857283],[0.0,0.0004706505860667676],[0.0,0.0004872127901762724],[0.0,0.000492442341055721],[0.0,0.0005015964270569384],[0.0,0.0005528695764951408],[0.0,0.0006008102791383862],[0.0,0.0006277799839153886],[0.0,0.0006360421539284289],[0.0,0.0006367552559822798],[0.0,0.0006398038822226226],[0.0,0.0006514607812277973],[0.0,0.0006529814563691616],[0.0,0.0006806415622122586],[0.0,0.0007169011514633894],[0.0,0.0007277203840203583],[0.0,0.0007329370127990842],[0.0,0.0008059936226345599],[0.0,0.0008218050352297723],[0.0,0.000836013990920037],[0.0,0.0008629119256511331],[0.0,0.000892670766916126],[0.0,0.000898791360668838],[0.0,0.0009302906109951437],[0.0,0.0009313829359598458],[0.0,0.000932077004108578],[0.0,0.0009707111748866737],[0.0,0.0009727234719321132],[0.0,0.0010287975892424583],[0.0,0.001036048517562449],[0.0,0.0010381235042586923],[0.0,0.0010432455455884337],[0.0,0.0010495708556845784],[0.0,0.001075619482435286],[0.0,0.0011476930230855942],[0.0,0.0011502442648634315],[0.0,0.0011743975337594748],[0.0,0.0012118997983634472],[0.0,0.0012153788702562451],[0.0,0.001221885671839118],[0.0,0.0012896917760372162],[0.0,0.0013000001199543476],[0.0,0.0013354028342291713],[0.0,0.0013409322127699852],[0.0,0.0013611949980258942],[0.0,0.0013761536683887243],[0.0,0.0014075444778427482],[0.0,0.0014390231808647513],[0.0,0.0014975344529375434],[0.0,0.0014998095575720072],[0.0,0.0015584176871925592],[0.0,0.001575208967551589],[0.0,0.0016375656705349684],[0.0,0.0016644406132400036],[0.0,0.0017069611931219697],[0.0,0.0017307583475485444],[0.0,0.0017636521952226758],[0.0,0.0017662972677499056],[0.0,0.0017772454302757978],[0.0,0.001796777592971921],[0.0,0.0018331855535507202],[0.0,0.0018519345903769135],[0.0,0.00185193563811481],[0.0,0.0018675356404855847],[0.0,0.0019081135978922248],[0.0,0.001962069422006607],[0.0,0.0019754094537347555],[0.0,0.0019880644977092743],[0.0,0.002002899069339037],[0.0,0.002016364596784115],[0.0,0.0020200246945023537],[0.0,0.0020392651204019785],[0.0,0.002068490255624056],[0.0,0.002084706211462617],[0.0,0.0021032404620200396],[0.0,0.0021229626145213842],[0.0,0.002138953423127532],[0.0,0.0021404544822871685],[0.0,0.002149124862626195],[0.0,0.0021564089693129063],[0.0,0.0021979082375764847],[0.0,0.0022123870439827442],[0.0,0.0022649727761745453],[0.0,0.0023083544801920652],[0.0,0.0023380424827337265],[0.0,0.0024591998662799597],[0.0,0.002568250522017479],[0.0,0.0025857931468635798],[0.0,0.00262212916277349],[0.0,0.00264687929302454],[0.0,0.0026539999525994062],[0.0,0.0028246238362044096],[0.0,0.0028878103476017714],[0.0,0.002892766846343875],[0.0,0.0029132114723324776],[0.0,0.003014979185536504],[0.0,0.0030496064573526382],[0.0,0.003097177017480135],[0.0,0.00311413430608809],[0.0,0.003123367903754115],[0.0,0.0031679358799010515],[0.0,0.00318201188929379],[0.0,0.003282208228483796],[0.0,0.0033828094601631165],[0.0,0.003397588152438402],[0.0,0.003405424067750573],[0.0,0.0034634654875844717],[0.0,0.003481910564005375],[0.0,0.003614000743255019],[0.0,0.0036769777070730925],[0.0,0.003777512349188328],[0.0,0.00378560577519238],[0.0,0.003788843285292387],[0.0,0.0037922286428511143],[0.0,0.0038260065484791994],[0.0,0.0038332566618919373],[0.0,0.003947176970541477],[0.0,0.004041546955704689],[0.0,0.0040817768312990665],[0.0,0.004135339520871639],[0.0,0.004137140233069658],[0.0,0.004226819146424532],[0.0,0.004235017113387585],[0.0,0.0042761340737342834],[0.0,0.004293646663427353],[0.0,0.004335204605013132],[0.0,0.0044260392896831036],[0.0,0.004549476318061352],[0.0,0.004549846053123474],[0.0,0.004560259636491537],[0.0,0.0046020327135920525],[0.0,0.004659270402044058],[0.0,0.004786502104252577],[0.0,0.004795406479388475],[0.0,0.004798440728336573],[0.0,0.004821608308702707],[0.0,0.004857406485825777],[0.0,0.004874710459262133],[0.0,0.004947162698954344],[0.0,0.00498718349263072],[0.0,0.005000615026801825],[0.0,0.005088315811008215],[0.0,0.005151359364390373],[0.0,0.005296900402754545],[0.0,0.00530772190541029],[0.0,0.005323417950421572],[0.0,0.005398753564804792],[0.0,0.00540339108556509],[0.0,0.0054421029053628445],[0.0,0.005484180059283972],[0.0,0.005571355577558279],[0.0,0.005685457494109869],[0.0,0.005722745321691036],[0.0,0.005766590591520071],[0.0,0.005894064903259277],[0.0,0.005930539686232805],[0.0,0.006030032876878977],[0.0,0.006050230003893375],[0.0,0.0060571469366550446],[0.0,0.006106472108513117],[0.0,0.006185415666550398],[0.0,0.0062226117588579655],[0.0,0.006250607781112194],[0.0,0.006281000562012196],[0.0,0.0064392732456326485],[0.0,0.006456742528825998],[0.0,0.00652820710092783],[0.0,0.00653826305642724],[0.0,0.006628453731536865],[0.0,0.00666955066844821],[0.0,0.006682347506284714],[0.0,0.006685401313006878],[0.0,0.006760445423424244],[0.0,0.006802235264331102],[0.0,0.006941033992916346],[0.0,0.007036308757960796],[0.0,0.0070403204299509525],[0.0,0.007079588249325752],[0.0,0.007176308427006006],[0.0,0.007177697028964758],[0.0,0.00736114801838994],[0.0,0.00747802946716547],[0.0,0.0075034499168396],[0.0,0.007611091248691082],[0.0,0.007625904865562916],[0.0,0.007721617817878723],[0.0,0.007746018469333649],[0.0,0.007773302029818296],[0.0,0.00783609226346016],[0.0,0.007847502827644348],[0.0,0.007907996885478497],[0.0,0.007999105378985405],[0.0,0.00815274752676487],[0.0,0.008379146456718445],[0.0,0.008404683321714401],[0.0,0.008414232172071934],[0.0,0.008445639163255692],[0.0,0.00846591405570507],[0.0,0.008633270859718323],[0.0,0.008634309284389019],[0.0,0.008769606240093708],[0.0,0.00878046452999115],[0.0,0.008862308226525784],[0.0,0.008891541510820389],[0.0,0.008917449042201042],[0.0,0.009084765799343586],[0.0,0.009145492687821388],[0.0,0.009205443784594536],[0.0,0.009237066842615604],[0.0,0.009246236644685268],[0.0,0.009392366744577885],[0.0,0.009520957246422768],[0.0,0.009809384122490883],[0.0,0.009820724837481976],[0.0,0.009863950312137604],[0.0,0.0100734643638134],[0.0,0.010096579790115356],[0.0,0.010111133567988873],[0.0,0.010125203989446163],[0.0,0.010334943421185017],[0.0,0.010484190657734871],[0.0,