{"available":true,"displayed_count":1192,"error":{"correlation":0.19418260483111932,"mean_lat":2.149065521287305,"mean_lng":1.0400936329473183,"std_lat":0.266704586365079,"std_lng":1.2728741188290442},"exact_count":59619,"original":{"correlation":0.07744519765548882,"mean_lat":36.42839419599457,"mean_lng":-94.65892038630302,"std_lat":5.288566147701765,"std_lng":17.432953833205183},"reduced":{"correlation":-0.11673740717563048,"mean_lat":38.577459717281876,"mean_lng":-93.6188267533557,"std_lat":5.021861561336686,"std_lng":16.16007971437614}}