{"available":true,"displayed_count":68,"error":{"correlation":0.013932460765713583,"mean_lat":0.6014851789451896,"mean_lng":0.42548613183738837,"std_lat":0.6589906722618152,"std_lng":0.29758719690391855},"exact_count":2282,"original":{"correlation":-0.38355550308185504,"mean_lat":33.6908235907099,"mean_lng":-84.0889652936021,"std_lat":0.4479248136143815,"std_lng":0.7417346251151957},"reduced":{"correlation":-0.36962304231614146,"mean_lat":33.08933841176471,"mean_lng":-83.66347916176471,"std_lat":1.1069154858761967,"std_lng":1.0393218220191143}}