{"applied_min_pixel_distance":35.608297831048375,"available":true,"baseline_distances":{"bottleneck_h0":0.00038651807499989277,"bottleneck_h1":0.00021455889781183042,"wasserstein_h0":0.0041546326565004114,"wasserstein_h1":0.0014389437426505956},"baseline_equivalent_percentage":37.5,"baseline_key":"county_10pct_distance","baseline_label":"County 10% distance","baseline_n_points":30,"baseline_percentage":null,"baseline_source_county":"Mecklenburg","baseline_source_percentage":10,"baseline_source_state":"NC","baseline_source_zoom":"county","complete":true,"country_min_distance":null,"country_min_pixel_distance":null,"current_distances":{"bottleneck_h0":5.3236220500098286e-05,"bottleneck_h1":0.0001515070307508,"wasserstein_h0":0.0004245304344997,"wasserstein_h1":0.0004260101342474},"current_label":null,"current_percentage":67,"displayed_count":54,"distances":{"bottleneck_h0":5.3236220500098286e-05,"bottleneck_h1":0.0001515070307508,"wasserstein_h0":0.0004245304344997,"wasserstein_h1":0.0004260101342474},"exact_count":80,"normalized_distances":{"bottleneck_h0":0.13773280977898136,"bottleneck_h1":0.706132592476648,"wasserstein_h0":0.10218242371812877,"wasserstein_h1":0.29605753277238706},"original":{"h0":[[0.0,0.0014823206499999],[0.0,0.0007942510842499],[0.0,0.0006513651089999],[0.0,0.0005926050312497],[0.0,0.000580461325],[0.0,0.0005136355250002],[0.0,0.0003836780179999],[0.0,0.0003779316249998],[0.0,0.0003246194249998],[0.0,0.00031544800625],[0.0,0.0002184856999999],[0.0,0.0002029937210002],[0.0,0.00020024325],[0.0,0.000191319449],[0.0,0.0001730825504998],[0.0,0.0001660288499999],[0.0,0.0001492377804999],[0.0,0.00014123513125],[0.0,0.0001337304689999],[0.0,0.0001322582560003],[0.0,0.000129504425],[0.0,0.0001254516249999],[0.0,0.0001155459999997],[0.0,0.0001072368409999],[0.0,0.0001025465859999],[0.0,0.0001022124999999],[0.0,8.993176400004425e-05],[0.0,7.394162499999688e-05],[0.0,6.812199999992363e-05],[0.0,6.70602499999832e-05],[0.0,6.646052499990651e-05],[0.0,6.640565000007088e-05],[0.0,6.476062499998354e-05],[0.0,5.719367024997667e-05],[0.0,5.295856024999917e-05],[0.0,5.1386873000008674e-05],[0.0,4.634981049999437e-05],[0.0,4.550542100000576e-05],[0.0,4.529165000001231e-05],[0.0,4.527011599993195e-05],[0.0,4.525024999998801e-05],[0.0,4.003838600000233e-05],[0.0,4.0033561250004426e-05],[0.0,3.9702854500015085e-05],[0.0,3.901849999992375e-05],[0.0,3.866232500001337e-05],[0.0,3.410762499999695e-05],[0.0,3.264867425001114e-05],[0.0,2.9274500000052017e-05],[0.0,2.888458000002157e-05],[0.0,2.296362499997742e-05],[0.0,2.2116125000035445e-05],[0.0,2.104553799997272e-05],[0.0,1.858558050001288e-05],[0.0,1.6646625000015212e-05],[0.0,1.6260336249959493e-05],[0.0,1.4064261249976851e-05],[0.0,1.1380502250014428e-05],[0.0,9.006625000004816e-06],[0.0,6.798324999992927e-06],[0.0,6.41993425001282e-06],[0.0,6.2717512500251135e-06],[0.0,3.370899999988416e-06],[0.0,3.068500999995704e-06],[0.0,2.536750250016632e-06],[0.0,3.469572499992948e-07],[0.0,2.562500000002089e-07],[0.0,1.2625000000056616e-08]],"h1":[[0.0010311519560001,0.0019827597368767],[0.0002355789250001,0.000686507466134],[0.00039096397,0.000635549506463],[0.0004380778444999,0.0005731286096041],[0.0001907991939999,0.00028955042292],[0.00208016371225,0.0021619512879451],[0.0018682152312499,0.0019409767193794],[0.0002325811044999,0.0002997323358755],[0.000124370756,0.0001756341075457],[0.00010881163025,0.0001469676528565],[0.0017459093249999,0.0017819869268146],[0.0001630429,0.00019884503214],[0.00023945265,0.0002726020789878],[0.00031731640625,0.0003481772260964],[0.000526119346,0.0005546150897513],[0.0004742547152499,0.0004933481661639],[0.0004103953849999,0.0004255333871047],[0.0018473784250007,0.0018608669879299],[0.0010323010262498,0.0010451443095908],[0.0005838861890001,0.0005948764469919],[8.509562499993878e-05,9.496416006874124e-05],[8.560942524997393e-05,9.451968214603772e-05],[0.00016040245,0.0001689621632909],[8.026772499998017e-05,8.846034237409739e-05],[0.0016375185999999,0.0016454018071545],[0.0006651276249999,0.0006720611637609],[0.0002097580160002,0.0002155778812833],[0.000140263525,0.0001459156949469],[0.0001821576689999,0.0001877585897448],[0.0001380347344999,0.0001433257294797],[0.000225372809,0.0002298647258428],[0.0001565038249999,0.0001602336023156],[0.0008047946250001,0.0008071969582922],[3.4141156250023625e-05,3.649316063654002e-05],[0.0002885704999999,0.0002903997834197],[0.0001439922152499,0.0001457032101937],[0.0001790720972498,0.0001802792714454],[1.854339999999745e-05,1.958272630252308e-05],[0.002085495529,0.0020863016127487],[0.0005505406872499,0.0005512655476278],[0.000148436384,0.0001491285694856],[0.000504207709,0.0005047737152827],[0.001429387362,0.0014298761297791],[0.0004063533220002,0.0004067070509986],[0.0009310464752502,0.0009312507627258],[7.895882000002467e-06,8.000588805602926e-06]]},"reduced":{"h0":[[0.0,0.0014823206499999],[0.0,0.0007942510842499],[0.0,0.0006513651089999],[0.0,0.0005926050312497],[0.0,0.000580461325],[0.0,0.0005136355250002],[0.0,0.0003836780179999],[0.0,0.0003779316249998],[0.0,0.0003246194249998],[0.0,0.00031731640625],[0.0,0.0002717219205],[0.0,0.0002184856999999],[0.0,0.0002176657872501],[0.0,0.0002029937210002],[0.0,0.00020024325],[0.0,0.000191319449],[0.0,0.0001907991939999],[0.0,0.0001790720972498],[0.0,0.0001607427942498],[0.0,0.0001492377804999],[0.0,0.0001337304689999],[0.0,0.0001322582560003],[0.0,0.0001254516249999],[0.0,0.0001143193752499],[0.0,0.00010937377025],[0.0,0.0001072368409999],[0.0,0.0001025465859999],[0.0,0.0001022124999999],[0.0,8.993176400004425e-05],[0.0,7.394162499999688e-05],[0.0,6.812199999992363e-05],[0.0,6.70602499999832e-05],[0.0,6.689562500008472e-05],[0.0,6.646052499990651e-05],[0.0,6.640565000007088e-05],[0.0,6.480401524999271e-05],[0.0,5.722962499999392e-05],[0.0,5.1386873000008674e-05],[0.0,5.023251025003923e-05],[0.0,4.634981049999437e-05],[0.0,4.550542100000576e-05],[0.0,4.529165000001231e-05],[0.0,4.527011599993195e-05],[0.0,4.003838600000233e-05],[0.0,4.0033561250004426e-05],[0.0,3.9702854500015085e-05],[0.0,3.901849999992375e-05],[0.0,3.866232500001337e-05],[0.0,3.4141156250023625e-05],[0.0,3.410762499999695e-05],[0.0,3.264867425001114e-05],[0.0,2.296362499997742e-05],[0.0,2.2116125000035445e-05]],"h1":[[0.0010323010262498,0.001982759736876],[0.0002355789250001,0.0006865074661336],[0.0004103953849999,0.0007863909882421],[0.00208016371225,0.0021931160745637],[0.0005291205912499,0.0006191731762978],[0.0002219985999999,0.0003111068317323],[0.0018682152312499,0.0019409767193803],[0.0002325811044999,0.0002997323358755],[0.000124370756,0.0001756341075458],[0.0017459093249999,0.001781986926814],[0.0001630429,0.00019884503214],[0.00023945265,0.0002726020789878],[0.0001536684999999,0.00018525741496],[0.000526119346,0.0005546150897513],[0.0004742547152499,0.000498062649991],[0.0006367105599999,0.0006568399401121],[0.0018473784250007,0.00186086698793],[0.0004012870805001,0.0004132244615592],[0.0016375185999999,0.0016486844779229],[8.509562499993878e-05,9.496416006874124e-05],[0.00016040245,0.0001689621632909],[8.026772499998017e-05,8.846034237409739e-05],[0.00025924045725,0.0002672209103998],[0.0006651276249999,0.0006720611637607],[0.0002097580160002,0.0002155778812831],[0.000140263525,0.0001459156949468],[0.0001380347344999,0.0001433257294801],[0.0015136864999996,0.0015189732370224],[0.0006129447722499,0.0006180266413768],[0.0001565038249999,0.0001602336023157],[0.00010413325,0.0001069239217662],[0.0005000002172501,0.0005021226510052],[0.0002885704999999,0.0002903997834194],[0.000320942389,0.0003225281342943],[0.00014607023525,0.0001474860067558],[0.0005505406872499,0.0005512655476278],[0.000148436384,0.0001491285694856],[0.000504207709,0.0005047737152822],[0.0007787040409998,0.000778996198904],[0.0009310464752502,0.0009312507627258],[0.0001057084999998,0.000105728892091]]},"source_min_pixel_distance":35.608297831048375}