{"available":true,"displayed_count":13,"error":{"correlation":0.19901627856215356,"mean_lat":0.08088892307691964,"mean_lng":0.23225445221447671,"std_lat":0.09395082528114596,"std_lng":0.19067937058535356},"exact_count":429,"original":{"correlation":-0.38255722210907245,"mean_lat":33.53233084615385,"mean_lng":-112.00097106759908,"std_lat":0.7100094751742487,"std_lng":0.7100116477411018},"reduced":{"correlation":-0.18354094354691888,"mean_lat":33.61321976923077,"mean_lng":-111.7687166153846,"std_lat":0.8039603004553947,"std_lng":0.5193322771557483}}