{"available":true,"displayed_count":1162,"error":{"correlation":0.20889816264566421,"mean_lat":2.3582183986698055,"mean_lng":0.8636657744269627,"std_lat":0.3264145414991164,"std_lng":1.2043723488272065},"exact_count":59619,"original":{"correlation":0.07744519765548882,"mean_lat":36.42839419599457,"mean_lng":-94.65892038630302,"std_lat":5.288566147701765,"std_lng":17.432953833205183},"reduced":{"correlation":-0.1314529649901754,"mean_lat":38.786612594664376,"mean_lng":-93.79525461187606,"std_lat":4.9621516062026485,"std_lng":16.228581484377976}}