{"available":true,"displayed_count":52,"error":{"correlation":0.2281844285080331,"mean_lat":0.044038222651721526,"mean_lng":0.16791310494781442,"std_lat":0.07267237770117474,"std_lng":0.12333315303131631},"exact_count":199,"original":{"correlation":0.038363071207345494,"mean_lat":39.52555714572864,"mean_lng":-105.32470524120603,"std_lat":0.48020834354774433,"std_lng":0.8424264531476124},"reduced":{"correlation":0.2665474997153786,"mean_lat":39.48151892307692,"mean_lng":-105.49261834615385,"std_lat":0.5528807212489191,"std_lng":0.9657596061789288}}