{"available":true,"displayed_count":1789,"error":{"correlation":0.1715068153145474,"mean_lat":1.9988716575549006,"mean_lng":1.6047258223007788,"std_lat":0.31015634278501825,"std_lng":1.0273900536613318},"exact_count":59619,"original":{"correlation":0.07744519765548882,"mean_lat":36.42839419599457,"mean_lng":-94.65892038630302,"std_lat":5.288566147701765,"std_lng":17.432953833205183},"reduced":{"correlation":-0.09406161765905857,"mean_lat":38.42726585354947,"mean_lng":-93.05419456400224,"std_lat":4.978409804916747,"std_lng":16.40556377954385}}