{"available":true,"displayed_count":96,"error":{"correlation":0.1830894190150304,"mean_lat":0.8041074051650909,"mean_lng":0.9446486374499301,"std_lat":0.07140918615448577,"std_lng":0.8206996779720281},"exact_count":1373,"original":{"correlation":0.12203337794456942,"mean_lat":38.50558294683176,"mean_lng":-77.45050595630008,"std_lat":0.7106911631247124,"std_lng":0.7588970166284648},"reduced":{"correlation":0.3051227969595998,"mean_lat":37.70147554166667,"mean_lng":-78.39515459375001,"std_lat":0.7821003492791981,"std_lng":1.579596694600493}}