{"applied_min_pixel_distance":null,"available":true,"baseline_distances":null,"baseline_equivalent_percentage":null,"baseline_key":null,"baseline_label":null,"baseline_n_points":null,"baseline_percentage":null,"baseline_source_county":null,"baseline_source_percentage":null,"baseline_source_state":null,"baseline_source_zoom":null,"complete":null,"country_min_distance":null,"country_min_pixel_distance":null,"current_distances":{"bottleneck_h0":3.51302170753479,"bottleneck_h1":0.0095866359770298,"wasserstein_h0":7.328020363637815,"wasserstein_h1":0.1880513981681351},"current_label":null,"current_percentage":null,"displayed_count":22,"distances":{"bottleneck_h0":3.51302170753479,"bottleneck_h1":0.0095866359770298,"wasserstein_h0":7.328020363637815,"wasserstein_h1":0.1880513981681351},"exact_count":559,"normalized_distances":null,"original":{"h0":[[0.0,1.9073486328125e-06],[0.0,1.9073486328125e-06],[0.0,1.9073486328125e-06],[0.0,1.9073486328125e-06],[0.0,1.9073486328125e-06],[0.0,1.9073486328125e-06],[0.0,1.9073486328125e-06],[0.0,1.9073486328125e-06],[0.0,1.9073486328125e-06],[0.0,1.9073486328125e-06],[0.0,6.8770432335441e-06],[0.0,5.313258589012548e-05],[0.0,0.00010260755516355857],[0.0,0.00012183166109025478],[0.0,0.00012304986012168229],[0.0,0.0001245777530129999],[0.0,0.0001484059466747567],[0.0,0.00030886681634001434],[0.0,0.0004447149985935539],[0.0,0.0005319964257068932],[0.0,0.0005610442603938282],[0.0,0.0006338139646686614],[0.0,0.0007337902789004147],[0.0,0.0008110023336485028],[0.0,0.0008959991973824799],[0.0,0.0009072115062735975],[0.0,0.0009121225448325276],[0.0,0.0009237831109203398],[0.0,0.0009749928722158074],[0.0,0.0010165362618863583],[0.0,0.0011440268717706203],[0.0,0.0011637539137154818],[0.0,0.0011723912321031094],[0.0,0.00119100755546242],[0.0,0.0011988304322585464],[0.0,0.001240647048689425],[0.0,0.0012549998937174678],[0.0,0.0013430070830509067],[0.0,0.001427000155672431],[0.0,0.0014334229053929448],[0.0,0.0015221729408949614],[0.0,0.0015251527074724436],[0.0,0.001533021335490048],[0.0,0.0015451572835445404],[0.0,0.0015870057977735996],[0.0,0.0016360788140445948],[0.0,0.001669877441599965],[0.0,0.001680250745266676],[0.0,0.0017514342907816172],[0.0,0.0018010179046541452],[0.0,0.0018430001800879836],[0.0,0.001869013300165534],[0.0,0.00197877106256783],[0.0,0.0021403376013040543],[0.0,0.0022226590663194656],[0.0,0.002247404307126999],[0.0,0.0022810036316514015],[0.0,0.002281010849401355],[0.0,0.002290403237566352],[0.0,0.0022942665964365005],[0.0,0.002296026796102524],[0.0,0.0023200486321002245],[0.0,0.0023535345681011677],[0.0,0.002396521158516407],[0.0,0.0024195797741413116],[0.0,0.0024563593324273825],[0.0,0.002463999902829528],[0.0,0.002506050979718566],[0.0,0.0025600099470466375],[0.0,0.002603092696517706],[0.0,0.002635423792526126],[0.0,0.00265423022210598],[0.0,0.002662701066583395],[0.0,0.002666098764166236],[0.0,0.0027020974084734917],[0.0,0.002722327131778002],[0.0,0.002727971412241459],[0.0,0.0028270401526242495],[0.0,0.002892470685765147],[0.0,0.0029601557180285454],[0.0,0.002972800750285387],[0.0,0.003009382402524352],[0.0,0.003019739408046007],[0.0,0.0030840071849524975],[0.0,0.0030844348948448896],[0.0,0.0031009195372462273],[0.0,0.0031135978642851114],[0.0,0.0031215238850563765],[0.0,0.0031959505286067724],[0.0,0.0032023629173636436],[0.0,0.003250270849093795],[0.0,0.0032510580494999886],[0.0,0.003252033842727542],[0.0,0.0032541474793106318],[0.0,0.003305839840322733],[0.0,0.0033711916767060757],[0.0,0.003397602355107665],[0.0,0.003433131380006671],[0.0,0.0034465761855244637],[0.0,0.0034469773527234793],[0.0,0.0035264892503619194],[0.0,0.003541383659467101],[0.0,0.003552701324224472],[0.0,0.0035636487882584333],[0.0,0.0035696090199053288],[0.0,0.003581749042496085],[0.0,0.0036002222914248705],[0.0,0.0036050088237971067],[0.0,0.0036161330062896013],[0.0,0.0036359999794512987],[0.0,0.00364416535012424],[0.0,0.0036725252866744995],[0.0,0.0037000305019319057],[0.0,0.0037126638926565647],[0.0,0.0037502250634133816],[0.0,0.0037540860939770937],[0.0,0.0037938354071229696],[0.0,0.003812440438196063],[0.0,0.003891000058501959],[0.0,0.00389500823803246],[0.0,0.003916027955710888],[0.0,0.003944182302802801],[0.0,0.004000003449618816],[0.0,0.0040296209044754505],[0.0,0.0040648807771503925],[0.0,0.004110158886760473],[0.0,0.004110829439014196],[0.0,0.004173825029283762],[0.0,0.004183247685432434],[0.0,0.00424013240262866],[0.0,0.004249469377100468],[0.0,0.00429100776091218],[0.0,0.004318005871027708],[0.0,0.004318084102123976],[0.0,0.004326167516410351],[0.0,0.004339556209743023],[0.0,0.004384628031402826],[0.0,0.004403726663440466],[0.0,0.004428162705153227],[0.0,0.004463647026568651],[0.0,0.004467618651688099],[0.0,0.004546132870018482],[0.0,0.004574235994368792],[0.0,0.004593272227793932],[0.0,0.004607131239026785],[0.0,0.004632721189409494],[0.0,0.004665549844503403],[0.0,0.004679108038544655],[0.0,0.004687698557972908],[0.0,0.004713139496743679],[0.0,0.004731406457722187],[0.0,0.004736784845590591],[0.0,0.004784023854881525],[0.0,0.004784227814525366],[0.0,0.00478818453848362],[0.0,0.004799055401235819],[0.0,0.0048220232129096985],[0.0,0.00483593437820673],[0.0,0.004853476770222187],[0.0,0.00486700190231204],[0.0,0.004908126313239336],[0.0,0.004921716637909412],[0.0,0.004952073562890291],[0.0,0.005083924625068903],[0.0,0.005128658842295408],[0.0,0.00514202518388629],[0.0,0.005142140667885542],[0.0,0.005143031477928162],[0.0,0.005163000896573067],[0.0,0.005169219803065062],[0.0,0.005179134197533131],[0.0,0.005205580964684486],[0.0,0.0052373381331563],[0.0,0.005253085866570473],[0.0,0.005261353682726622],[0.0,0.005279166623950005],[0.0,0.005285462364554405],[0.0,0.005292003508657217],[0.0,0.005307664629071951],[0.0,0.005310422275215387],[0.0,0.005409011151641607],[0.0,0.00542063731700182],[0.0,0.00545904878526926],[0.0,0.005526999942958355],[0.0,0.005825759842991829],[0.0,0.0058583165518939495],[0.0,0.005890000145882368],[0.0,0.0058941892348229885],[0.0,0.005930230487138033],[0.0,0.005985635798424482],[0.0,0.005997080355882645],[0.0,0.006006562616676092],[0.0,0.0060240053571760654],[0.0,0.006048689596354961],[0.0,0.006051528733223677],[0.0,0.006098516751080751],[0.0,0.00611854949966073],[0.0,0.006335640791803598],[0.0,0.006337447091937065],[0.0,0.00636715954169631],[0.0,0.006374279968440533],[0.0,0.006412465590983629],[0.0,0.006424951832741499],[0.0,0.0064499410800635815],[0.0,0.006454742979258299],[0.0,0.00646622758358717],[0.0,0.006467618513852358],[0.0,0.006501337047666311],[0.0,0.006508946418762207],[0.0,0.0065355016849935055],[0.0,0.00655000377446413],[0.0,0.006587763782590628],[0.0,0.006588825490325689],[0.0,0.006642056163400412],[0.0,0.006733112968504429],[0.0,0.006787274032831192],[0.0,0.00680385110899806],[0.0,0.006897003389894962],[0.0,0.006917103193700314],[0.0,0.006987452041357756],[0.0,0.007070891093462706],[0.0,0.0071298726834356785],[0.0,0.007147173397243023],[0.0,0.007147770840674639],[0.0,0.007169670425355434],[0.0,0.0071721007116138935],[0.0,0.007191464304924011],[0.0,0.007206612732261419],[0.0,0.007229066453874111],[0.0,0.0072332569397985935],[0.0,0.007256161887198687],[0.0,0.007263036444783211],[0.0,0.00726325623691082],[0.0,0.0072639998979866505],[0.0,0.007277182303369045],[0.0,0.007283145096153021],[0.0,0.007303602062165737],[0.0,0.007311616092920303],[0.0,0.007339049596339464],[0.0,0.007364748511463404],[0.0,0.007402196526527405],[0.0,0.007415389642119408],[0.0,0.007515768986195326],[0.0,0.007515944540500641],[0.0,0.007530000526458025],[0.0,0.007555688731372356],[0.0,0.007568042259663343],[0.0,0.007579161785542965],[0.0,0.0076719303615391254],[0.0,0.007675223518162966],[0.0,0.007697999943047762],[0.0,0.007758064661175013],[0.0,0.007794625125825405],[0.0,0.007823904976248741],[0.0,0.007830005139112473],[0.0,0.007831967435777187],[0.0,0.008003020659089088],[0.0,0.008156013675034046],[0.0,0.008212666027247906],[0.0,0.00821749772876501],[0.0,0.008248468860983849],[0.0,0.008265183307230473],[0.0,