{"available":true,"displayed_count":20,"error":{"correlation":0.12370374879381657,"mean_lat":0.954680366666679,"mean_lng":0.06917308030304525,"std_lat":0.27025185696106424,"std_lng":0.42851150692901807},"exact_count":132,"original":{"correlation":0.2984100477421962,"mean_lat":40.35702866666667,"mean_lng":-111.91012453030304,"std_lat":0.8826152258291889,"std_lng":0.5566586614368562},"reduced":{"correlation":0.4221137965360128,"mean_lat":39.40234829999999,"mean_lng":-111.84095144999999,"std_lat":1.1528670827902532,"std_lng":0.9851701683658742}}