{"available":true,"displayed_count":63,"error":{"correlation":0.0108730994588285,"mean_lat":0.0008970597222344168,"mean_lng":0.005069586309545571,"std_lat":0.00033768471864081134,"std_lng":0.00536251054868489},"exact_count":80,"original":{"correlation":-0.07101127855482756,"mean_lat":40.6929951625,"mean_lng":-111.92034493749998,"std_lat":0.06198452069739742,"std_lng":0.07426934450722941},"reduced":{"correlation":-0.08188437801365606,"mean_lat":40.69389222222223,"mean_lng":-111.92541452380952,"std_lat":0.06232220541603823,"std_lng":0.0796318550559143}}