{"available":true,"displayed_count":69,"error":{"correlation":0.07336869856248368,"mean_lat":0.22591563210701793,"mean_lng":0.09197494689367147,"std_lat":0.5406556314612034,"std_lng":0.6836390222204674},"exact_count":429,"original":{"correlation":-0.38255722210907245,"mean_lat":33.53233084615385,"mean_lng":-112.00097106759908,"std_lat":0.7100094751742487,"std_lng":0.7100116477411018},"reduced":{"correlation":-0.30918852354658877,"mean_lat":33.758246478260865,"mean_lng":-112.09294601449275,"std_lat":1.2506651066354522,"std_lng":1.3936506699615692}}