{"available":true,"displayed_count":7,"error":{"correlation":0.023023548225299117,"mean_lat":0.010840019642856191,"mean_lng":0.03367634821431409,"std_lat":0.017811132552332035,"std_lng":0.057066401912518494},"exact_count":80,"original":{"correlation":-0.07101127855482756,"mean_lat":40.6929951625,"mean_lng":-111.92034493749998,"std_lat":0.06198452069739742,"std_lng":0.07426934450722941},"reduced":{"correlation":-0.09403482678012667,"mean_lat":40.68215514285714,"mean_lng":-111.95402128571429,"std_lat":0.07979565324972945,"std_lng":0.1313357464197479}}