{"available":true,"displayed_count":3577,"error":{"correlation":0.12923896252385414,"mean_lat":1.7600190997840102,"mean_lng":2.2757903446480015,"std_lat":0.27632526985015904,"std_lng":0.6091685567231266},"exact_count":59619,"original":{"correlation":0.07744519765548882,"mean_lat":36.42839419599457,"mean_lng":-94.65892038630302,"std_lat":5.288566147701765,"std_lng":17.432953833205183},"reduced":{"correlation":-0.05179376486836532,"mean_lat":38.18841329577858,"mean_lng":-92.38313004165502,"std_lat":5.012240877851606,"std_lng":16.823785276482056}}