{"available":true,"displayed_count":69,"error":{"correlation":0.12053731077246838,"mean_lat":0.016018343521828626,"mean_lng":0.0047996358287036855,"std_lat":0.01162438022718372,"std_lng":0.003098811253292852},"exact_count":266,"original":{"correlation":-0.4469454550994148,"mean_lat":39.02748001879699,"mean_lng":-77.50051845112782,"std_lat":0.0747135260279538,"std_lng":0.09173212460418598},"reduced":{"correlation":-0.5674827658718832,"mean_lat":39.04349836231882,"mean_lng":-77.50531808695652,"std_lat":0.08633790625513751,"std_lng":0.08863331335089313}}