{"available":true,"displayed_count":85,"error":{"correlation":0.09828299845235577,"mean_lat":0.16138560090497833,"mean_lng":0.09398272063620539,"std_lat":0.48581459925475734,"std_lng":0.6112913962813287},"exact_count":429,"original":{"correlation":-0.38255722210907245,"mean_lat":33.53233084615385,"mean_lng":-112.00097106759908,"std_lat":0.7100094751742487,"std_lng":0.7100116477411018},"reduced":{"correlation":-0.2842742236567167,"mean_lat":33.693716447058826,"mean_lng":-112.09495378823529,"std_lat":1.195824074429006,"std_lng":1.3213030440224305}}