{"available":true,"displayed_count":172,"error":{"correlation":0.0022594675120888794,"mean_lat":0.008308494056130655,"mean_lng":0.004516233662457125,"std_lat":0.014056047736935598,"std_lng":0.007332582049979566},"exact_count":716,"original":{"correlation":0.0446389780487569,"mean_lat":35.2149306396648,"mean_lng":-80.84035443715084,"std_lat":0.0840017287202155,"std_lng":0.07203490953687845},"reduced":{"correlation":0.046898445560845776,"mean_lat":35.22323913372093,"mean_lng":-80.83583820348838,"std_lat":0.0980577764571511,"std_lng":0.07936749158685802}}