{"available":true,"displayed_count":2920,"error":{"correlation":0.0,"mean_lat":0.0,"mean_lng":0.0,"std_lat":0.0,"std_lng":0.0},"exact_count":2920,"original":{"correlation":0.5650759287160747,"mean_lat":41.901821595205476,"mean_lng":-88.03341585410959,"std_lat":0.4965988256039529,"std_lng":0.3598442786634068},"reduced":{"correlation":0.5650759287160747,"mean_lat":41.901821595205476,"mean_lng":-88.03341585410959,"std_lat":0.4965988256039529,"std_lng":0.3598442786634068}}