{"available":true,"displayed_count":94,"error":{"correlation":0.07603364759485298,"mean_lat":0.7831454356310061,"mean_lng":0.5989823373797662,"std_lat":0.6922972789788293,"std_lng":0.43728967967207805},"exact_count":2920,"original":{"correlation":0.5650759287160747,"mean_lat":41.901821595205476,"mean_lng":-88.03341585410959,"std_lat":0.4965988256039529,"std_lng":0.3598442786634068},"reduced":{"correlation":0.4890422811212217,"mean_lat":41.11867615957447,"mean_lng":-88.63239819148936,"std_lat":1.1888961045827822,"std_lng":0.7971339583354848}}