{"available":true,"displayed_count":131,"error":{"correlation":0.029456750019131173,"mean_lat":0.002897052691274382,"mean_lng":0.02775233734693927,"std_lat":0.03946242630097757,"std_lng":0.004844591450482938},"exact_count":821,"original":{"correlation":-0.5519163520345783,"mean_lat":41.86682215956151,"mean_lng":-87.78057009013398,"std_lat":0.12895048172706478,"std_lng":0.16909198008842194},"reduced":{"correlation":-0.5813731020537095,"mean_lat":41.863925106870234,"mean_lng":-87.80832242748092,"std_lat":0.16841290802804235,"std_lng":0.164247388637939}}