{"applied_min_pixel_distance":null,"available":true,"baseline_distances":{"bottleneck_h0":0.0080607541625001,"bottleneck_h1":0.000476964532871,"wasserstein_h0":0.0251384182316245,"wasserstein_h1":0.0020902464728076},"baseline_equivalent_percentage":null,"baseline_key":null,"baseline_label":null,"baseline_n_points":null,"baseline_percentage":5,"baseline_source_county":null,"baseline_source_percentage":null,"baseline_source_state":null,"baseline_source_zoom":null,"complete":true,"country_min_distance":null,"country_min_pixel_distance":null,"current_distances":{"bottleneck_h0":0.0053042857036244,"bottleneck_h1":0.0005055971953574,"wasserstein_h0":0.0195592184357492,"wasserstein_h1":0.0020789821062552},"current_label":null,"current_percentage":7,"displayed_count":6,"distances":{"bottleneck_h0":0.0053042857036244,"bottleneck_h1":0.0005055971953574,"wasserstein_h0":0.0195592184357492,"wasserstein_h1":0.0020789821062552},"exact_count":80,"normalized_distances":{"bottleneck_h0":0.6580383915317469,"bottleneck_h1":1.0600310096728804,"wasserstein_h0":0.7780608252886578,"wasserstein_h1":0.9946109864559323},"original":{"h0":[[0.0,0.0014823206499999],[0.0,0.0007942510842499],[0.0,0.0006513651089999],[0.0,0.0005926050312497],[0.0,0.000580461325],[0.0,0.0005136355250002],[0.0,0.0003836780179999],[0.0,0.0003779316249998],[0.0,0.0003246194249998],[0.0,0.00031544800625],[0.0,0.0002184856999999],[0.0,0.0002029937210002],[0.0,0.00020024325],[0.0,0.000191319449],[0.0,0.0001730825504998],[0.0,0.0001660288499999],[0.0,0.0001492377804999],[0.0,0.00014123513125],[0.0,0.0001337304689999],[0.0,0.0001322582560003],[0.0,0.000129504425],[0.0,0.0001254516249999],[0.0,0.0001155459999997],[0.0,0.0001072368409999],[0.0,0.0001025465859999],[0.0,0.0001022124999999],[0.0,8.993176400004425e-05],[0.0,7.394162499999688e-05],[0.0,6.812199999992363e-05],[0.0,6.70602499999832e-05],[0.0,6.646052499990651e-05],[0.0,6.640565000007088e-05],[0.0,6.476062499998354e-05],[0.0,5.719367024997667e-05],[0.0,5.295856024999917e-05],[0.0,5.1386873000008674e-05],[0.0,4.634981049999437e-05],[0.0,4.550542100000576e-05],[0.0,4.529165000001231e-05],[0.0,4.527011599993195e-05],[0.0,4.525024999998801e-05],[0.0,4.003838600000233e-05],[0.0,4.0033561250004426e-05],[0.0,3.9702854500015085e-05],[0.0,3.901849999992375e-05],[0.0,3.866232500001337e-05],[0.0,3.410762499999695e-05],[0.0,3.264867425001114e-05],[0.0,2.9274500000052017e-05],[0.0,2.888458000002157e-05],[0.0,2.296362499997742e-05],[0.0,2.2116125000035445e-05],[0.0,2.104553799997272e-05],[0.0,1.858558050001288e-05],[0.0,1.6646625000015212e-05],[0.0,1.6260336249959493e-05],[0.0,1.4064261249976851e-05],[0.0,1.1380502250014428e-05],[0.0,9.006625000004816e-06],[0.0,6.798324999992927e-06],[0.0,6.41993425001282e-06],[0.0,6.2717512500251135e-06],[0.0,3.370899999988416e-06],[0.0,3.068500999995704e-06],[0.0,2.536750250016632e-06],[0.0,3.469572499992948e-07],[0.0,2.562500000002089e-07],[0.0,1.2625000000056616e-08]],"h1":[[0.0010311519560001,0.0019827597368767],[0.0002355789250001,0.000686507466134],[0.00039096397,0.000635549506463],[0.0004380778444999,0.0005731286096041],[0.0001907991939999,0.00028955042292],[0.00208016371225,0.0021619512879451],[0.0018682152312499,0.0019409767193794],[0.0002325811044999,0.0002997323358755],[0.000124370756,0.0001756341075457],[0.00010881163025,0.0001469676528565],[0.0017459093249999,0.0017819869268146],[0.0001630429,0.00019884503214],[0.00023945265,0.0002726020789878],[0.00031731640625,0.0003481772260964],[0.000526119346,0.0005546150897513],[0.0004742547152499,0.0004933481661639],[0.0004103953849999,0.0004255333871047],[0.0018473784250007,0.0018608669879299],[0.0010323010262498,0.0010451443095908],[0.0005838861890001,0.0005948764469919],[8.509562499993878e-05,9.496416006874124e-05],[8.560942524997393e-05,9.451968214603772e-05],[0.00016040245,0.0001689621632909],[8.026772499998017e-05,8.846034237409739e-05],[0.0016375185999999,0.0016454018071545],[0.0006651276249999,0.0006720611637609],[0.0002097580160002,0.0002155778812833],[0.000140263525,0.0001459156949469],[0.0001821576689999,0.0001877585897448],[0.0001380347344999,0.0001433257294797],[0.000225372809,0.0002298647258428],[0.0001565038249999,0.0001602336023156],[0.0008047946250001,0.0008071969582922],[3.4141156250023625e-05,3.649316063654002e-05],[0.0002885704999999,0.0002903997834197],[0.0001439922152499,0.0001457032101937],[0.0001790720972498,0.0001802792714454],[1.854339999999745e-05,1.958272630252308e-05],[0.002085495529,0.0020863016127487],[0.0005505406872499,0.0005512655476278],[0.000148436384,0.0001491285694856],[0.000504207709,0.0005047737152827],[0.001429387362,0.0014298761297791],[0.0004063533220002,0.0004067070509986],[0.0009310464752502,0.0009312507627258],[7.895882000002467e-06,8.000588805602926e-06]]},"reduced":{"h0":[[0.0,0.0106085714072489],[0.0,0.0053236981782501],[0.0,0.0052416865809999],[0.0,0.0045648275672503],[0.0,0.0040148875732498]],"h1":[[0.0062071338650003,0.0072127364197209],[0.0114769392609999,0.0117699025017822],[0.0128815489359994,0.0131151278811093],[0.00831886925,0.008421290659074]]},"source_min_pixel_distance":null}