{"applied_min_pixel_distance":null,"available":true,"baseline_distances":null,"baseline_equivalent_percentage":null,"baseline_key":null,"baseline_label":null,"baseline_n_points":null,"baseline_percentage":null,"baseline_source_county":null,"baseline_source_percentage":null,"baseline_source_state":null,"baseline_source_zoom":null,"complete":null,"country_min_distance":null,"country_min_pixel_distance":null,"current_distances":{"bottleneck_h0":0.4873385429382324,"bottleneck_h1":0.07373833656311035,"wasserstein_h0":3.6717616533990225,"wasserstein_h1":0.15104946080964352},"current_label":null,"current_percentage":null,"displayed_count":34,"distances":{"bottleneck_h0":0.4873385429382324,"bottleneck_h1":0.07373833656311035,"wasserstein_h0":3.6717616533990225,"wasserstein_h1":0.15104946080964352},"exact_count":132,"normalized_distances":null,"original":{"h0":[[0.0,0.00022471934789791703],[0.0,0.0007832471164874732],[0.0,0.0010124240070581436],[0.0,0.0011780622880905867],[0.0,0.00212618475779891],[0.0,0.0031854354310780764],[0.0,0.0032429625280201435],[0.0,0.0035034276079386473],[0.0,0.003672002349048853],[0.0,0.004177487455308437],[0.0,0.0043939258903265],[0.0,0.005008692853152752],[0.0,0.005067517980933189],[0.0,0.005214719567447901],[0.0,0.00600220775231719],[0.0,0.00674699991941452],[0.0,0.00750046968460083],[0.0,0.007692515850067139],[0.0,0.008064821362495422],[0.0,0.008160055615007877],[0.0,0.008622199296951294],[0.0,0.009175082668662071],[0.0,0.009405557066202164],[0.0,0.009584074839949608],[0.0,0.010748875327408314],[0.0,0.01082118321210146],[0.0,0.01142780389636755],[0.0,0.01168034691363573],[0.0,0.012435806915163994],[0.0,0.012492958456277847],[0.0,0.01260204054415226],[0.0,0.012654416263103485],[0.0,0.01265517808496952],[0.0,0.013418587855994701],[0.0,0.01345366146415472],[0.0,0.013456614688038826],[0.0,0.013459814712405205],[0.0,0.013491541147232056],[0.0,0.013616139069199562],[0.0,0.01433692779392004],[0.0,0.014554526656866074],[0.0,0.015125298872590065],[0.0,0.01609479822218418],[0.0,0.016179159283638],[0.0,0.01629793271422386],[0.0,0.016304664313793182],[0.0,0.016378063708543777],[0.0,0.016507210209965706],[0.0,0.01719786413013935],[0.0,0.018966471776366234],[0.0,0.020220039412379265],[0.0,0.020253058522939682],[0.0,0.02071104384958744],[0.0,0.021172231063246727],[0.0,0.021498465910553932],[0.0,0.02240103855729103],[0.0,0.022477084770798683],[0.0,0.022760001942515373],[0.0,0.023000717163085938],[0.0,0.02312837727367878],[0.0,0.023768477141857147],[0.0,0.024432582780718803],[0.0,0.025770436972379684],[0.0,0.026312168687582016],[0.0,0.02766365557909012],[0.0,0.02830146625638008],[0.0,0.028495173901319504],[0.0,0.02866799756884575],[0.0,0.02903943881392479],[0.0,0.02956252358853817],[0.0,0.03268784284591675],[0.0,0.03298918530344963],[0.0,0.034221354871988297],[0.0,0.03552171215415001],[0.0,0.035846590995788574],[0.0,0.03603439778089523],[0.0,0.03626826032996178],[0.0,0.03888092562556267],[0.0,0.039175402373075485],[0.0,0.04140755534172058],[0.0,0.044859133660793304],[0.0,0.04532705619931221],[0.0,0.04646261781454086],[0.0,0.0473262295126915],[0.0,0.04818553104996681],[0.0,0.048686958849430084],[0.0,0.049560628831386566],[0.0,0.050105564296245575],[0.0,0.051043711602687836],[0.0,0.0513434074819088],[0.0,0.05154259502887726],[0.0,0.052376773208379745],[0.0,0.05572332441806793],[0.0,0.05636491999030113],[0.0,0.05815081298351288],[0.0,0.060052290558815],[0.0,0.07700183242559433],[0.0,0.11215868592262268],[0.0,0.11313178390264511],[0.0,0.14260874688625336],[0.0,0.1534935086965561],[0.0,0.18363022804260254],[0.0,0.18864136934280396],[0.0,0.21323536336421967],[0.0,0.2148742377758026],[0.0,0.24213336408138275],[0.0,0.2549087405204773],[0.0,0.2584059238433838],[0.0,0.2857072949409485],[0.0,0.32019004225730896],[0.0,0.41035425662994385],[0.0,0.4781251549720764],[0.0,0.5006559491157532],[0.0,0.6064925789833069],[0.0,0.6078437566757202],[0.0,0.6508909463882446],[0.0,0.674666702747345],[0.0,0.9349085092544556],[0.0,1.0328741073608398]],"h1":[[1.1960455179214478,1.3435221910476685],[0.06422311067581177,0.0849795714020729],[0.04186061769723892,0.04648487642407417],[0.03954561799764633,0.048327475786209106],[0.030697161331772804,0.05158013850450516],[0.030501220375299454,0.030948515981435776],[0.02762601710855961,0.03211021050810814],[0.02230432815849781,0.025330018252134323],[0.020862562581896782,0.023999352008104324]]},"reduced":{"h0":[[0.0,0.01265517808496952],[0.0,0.02040914073586464],[0.0,0.02349763736128807],[0.0,0.024432582780718803],[0.0,0.032967980951070786],[0.0,0.03814883902668953],[0.0,0.04140671342611313],[0.0,0.042855583131313324],[0.0,0.04355477914214134],[0.0,0.044284574687480927],[0.0,0.044721368700265884],[0.0,0.04707176610827446],[0.0,0.048686958849430084],[0.0,0.06383971124887466],[0.0,0.07398344576358795],[0.0,0.08586069941520691],[0.0,0.08644571155309677],[0.0,0.09121762216091156],[0.0,0.11313178390264511],[0.0,0.14260874688625336],[0.0,0.21323536336421967],[0.0,0.22395600378513336],[0.0,0.2857072949409485],[0.0,0.41035425662994385],[0.0,0.4336335361003876],[0.0,0.49382948875427246],[0.0,0.5262117385864258],[0.0,0.7011323571205139],[0.0,0.8200367093086243],[0.0,0.9512476325035095],[0.0,1.2038315534591675],[0.0,1.5202126502990723]],"h1":[]},"source_min_pixel_distance":null}