{"applied_min_pixel_distance":null,"available":true,"baseline_distances":null,"baseline_equivalent_percentage":null,"baseline_key":null,"baseline_label":null,"baseline_n_points":null,"baseline_percentage":null,"baseline_source_county":null,"baseline_source_percentage":null,"baseline_source_state":null,"baseline_source_zoom":null,"complete":null,"country_min_distance":null,"country_min_pixel_distance":null,"current_distances":{"bottleneck_h0":0.8136810660362244,"bottleneck_h1":0.07181459665298462,"wasserstein_h0":9.070688276899311,"wasserstein_h1":0.44701073981350004},"current_label":null,"current_percentage":null,"displayed_count":91,"distances":{"bottleneck_h0":0.8136810660362244,"bottleneck_h1":0.07181459665298462,"wasserstein_h0":9.070688276899311,"wasserstein_h1":0.44701073981350004},"exact_count":2282,"normalized_distances":null,"original":{"h0":[[0.0,1.700644861557521e-05],[0.0,3.47011664416641e-05],[0.0,3.8051486626500264e-05],[0.0,7.600730168633163e-05],[0.0,9.596636664355174e-05],[0.0,0.00012777101073879749],[0.0,0.0001755693374434486],[0.0,0.00019659574900288135],[0.0,0.00019785926269832999],[0.0,0.00023026051349006593],[0.0,0.00023104125284589827],[0.0,0.00024300174845848233],[0.0,0.0002880254469346255],[0.0,0.0003227592387702316],[0.0,0.00036367392749525607],[0.0,0.0003986084775533527],[0.0,0.0005000637611374259],[0.0,0.0005503618158400059],[0.0,0.0005523017607629299],[0.0,0.0005722013884223998],[0.0,0.0006077741854824126],[0.0,0.0006132074049673975],[0.0,0.0006669900030829012],[0.0,0.0007289903005585074],[0.0,0.0007381155737675726],[0.0,0.0007518583443015814],[0.0,0.000794382649473846],[0.0,0.0008192256791517138],[0.0,0.0010089667048305273],[0.0,0.0010107049020007253],[0.0,0.0010179552482441068],[0.0,0.0010831087129190564],[0.0,0.0011513159843161702],[0.0,0.0013138309586793184],[0.0,0.0015316092176362872],[0.0,0.0015686751576140523],[0.0,0.0017570765921846032],[0.0,0.0017699177842587233],[0.0,0.001783363870345056],[0.0,0.001869616680778563],[0.0,0.001886113896034658],[0.0,0.0019023692002519965],[0.0,0.0019310744246467948],[0.0,0.001944659510627389],[0.0,0.0019662161357700825],[0.0,0.0019819950684905052],[0.0,0.0019860491156578064],[0.0,0.0020154642406851053],[0.0,0.0020354511216282845],[0.0,0.0020445892587304115],[0.0,0.0020462824031710625],[0.0,0.0020586231257766485],[0.0,0.0021371571347117424],[0.0,0.002214159118011594],[0.0,0.0022349096834659576],[0.0,0.0022399805020540953],[0.0,0.0022470878902822733],[0.0,0.0023309444077312946],[0.0,0.0023412189912050962],[0.0,0.002380136400461197],[0.0,0.0024951479863375425],[0.0,0.00253464886918664],[0.0,0.0025356675032526255],[0.0,0.0025617049541324377],[0.0,0.0025900620967149734],[0.0,0.0026438646018505096],[0.0,0.002664045197889209],[0.0,0.002719147829338908],[0.0,0.002785095479339361],[0.0,0.0028279947582632303],[0.0,0.002894108183681965],[0.0,0.002954905154183507],[0.0,0.002964496612548828],[0.0,0.0031477005686610937],[0.0,0.0032845286186784506],[0.0,0.0033422191627323627],[0.0,0.0034562477376312017],[0.0,0.0035059130750596523],[0.0,0.003523239865899086],[0.0,0.0035298981238156557],[0.0,0.0035338732413947582],[0.0,0.0035562163684517145],[0.0,0.0036033326759934425],[0.0,0.0036190066020935774],[0.0,0.0036522457376122475],[0.0,0.003667544573545456],[0.0,0.003675296204164624],[0.0,0.003679822664707899],[0.0,0.0037098173052072525],[0.0,0.0037199361249804497],[0.0,0.0037430538795888424],[0.0,0.0037558285985141993],[0.0,0.0038071610033512115],[0.0,0.003863830352202058],[0.0,0.0038688702043145895],[0.0,0.0038711947854608297],[0.0,0.0038723857142031193],[0.0,0.003926039207726717],[0.0,0.003953502979129553],[0.0,0.003960737492889166],[0.0,0.0039724744856357574],[0.0,0.004041265230625868],[0.0,0.004081025253981352],[0.0,0.004153566434979439],[0.0,0.004191020503640175],[0.0,0.0042002382688224316],[0.0,0.004205129109323025],[0.0,0.004265262745320797],[0.0,0.004274399951100349],[0.0,0.004287842661142349],[0.0,0.0044436161406338215],[0.0,0.004589765798300505],[0.0,0.00461222929880023],[0.0,0.00461579579859972],[0.0,0.004626998212188482],[0.0,0.004681503400206566],[0.0,0.004687197506427765],[0.0,0.004700763151049614],[0.0,0.004723646212369204],[0.0,0.004769287072122097],[0.0,0.004770892206579447],[0.0,0.00483039440587163],[0.0,0.004843418952077627],[0.0,0.0048934342339634895],[0.0,0.004917648155242205],[0.0,0.0049793655052781105],[0.0,0.004986477084457874],[0.0,0.005096040200442076],[0.0,0.005369612481445074],[0.0,0.005373324267566204],[0.0,0.005389336030930281],[0.0,0.005647282116115093],[0.0,0.005698006600141525],[0.0,0.005708916578441858],[0.0,0.005716431885957718],[0.0,0.005747188813984394],[0.0,0.005824741907417774],[0.0,0.005985711235553026],[0.0,0.006051605101674795],[0.0,0.006103018298745155],[0.0,0.006212536245584488],[0.0,0.0063344817608594894],[0.0,0.006356146186590195],[0.0,0.006425464991480112],[0.0,0.006498435512185097],[0.0,0.006530553102493286],[0.0,0.0065366607159376144],[0.0,0.006592696066945791],[0.0,0.006623522378504276],[0.0,0.006699132267385721],[0.0,0.0067887082695961],[0.0,0.006886928342282772],[0.0,0.006958034820854664],[0.0,0.006975084543228149],[0.0,0.007015485782176256],[0.0,0.007023635320365429],[0.0,0.007041693199425936],[0.0,0.007172584533691406],[0.0,0.007192986086010933],[0.0,0.007212968543171883],[0.0,0.0074739884585142136],[0.0,0.007539193611592054],[0.0,0.007540514692664146],[0.0,0.007796129677444696],[0.0,0.007894665002822876],[0.0,0.00801415927708149],[0.0,0.00808153860270977],[0.0,0.008295195177197456],[0.0,0.008751263841986656],[0.0,0.008779050782322884],[0.0,0.008819296956062317],[0.0,0.009295114316046238],[0.0,0.009303300641477108],[0.0,0.009339233860373497],[0.0,0.009357103146612644],[0.0,0.009445711970329285],[0.0,0.009589427150785923],[0.0,0.009724381379783154],[0.0,0.009863318875432014],[0.0,0.009962865151464939],[0.0,0.00996336154639721],[0.0,0.010054021142423153],[0.0,0.010092874988913536],[0.0,0.01018559094518423],[0.0,0.010323889553546906],[0.0,0.010551998391747475],[0.0,0.010583976283669472],[0.0,0.010791926644742489],[0.0,0.010818982496857643],[0.0,0.01084421668201685],[0.0,0.01094142347574234],[0.0,0.011122889816761017],[0.0,0.011192000471055508],[0.0,0.011257719248533249],[0.0,0.011584283784031868],[0.0,0.011708633042871952],[0.0,0.011713450774550438],[0.0,0.011757266707718372],[0.0,0.012110394425690174],[0.0,0.01226808875799179],[0.0,0.012437835335731506],[0.0,0.012488088570535183],[0.0,0.01282496377825737],[0.0,0.012974519282579422],[0.0,0.013058861717581749],[0.0,0.013172662816941738],[0.0,0.013327241875231266],[0.0,0.013725786469876766],[0.0,0.013917287811636925],[0.0,0.014087720774114132],[0.0,0.014893117360770702],[0.0,0.01495406311005354],[0.0,0.015036567114293575],[0.0,0.015290402807295322],[0.0,0.015473077073693275],[0.0,0.015661457553505898],[0.0,0.015884563326835632],[0.0,0.015925021842122078],[0.0,0.01607191003859043],[0.0,0.016275957226753235],[0.0,0.016397248953580856],[0.0,0.016531310975551605],[0.0,0.01663476787507534],[0.0,0.016731541603803635],[0.0,0.016832944005727768],[0.0,0.017256660386919975],[0.0,0.01731964386999607],[0.0,0.017398621886968613],[0.0,0.01759512722492218],[0.0,0.01761876977980137],[0.0,0.017667843028903008],[0.0,0.017725015059113503],[0.0,0.01784609816968441],[0.0,0.01806490123271942],[0.0,0.018383458256721497],[0.0,0.018536532297730446],[0.0,0.018550092354416847],[0.0,0.018718421459197998],[0.0,0.018785584717988968],[0.0,0.01879446767270565],[0.0,0.018898528069257736],[0.0,0.018904507160186768],[0.0,0.01895856112241745],[0.0,0.01928870566189289],[0.0,0.019374234601855278],[0.0,0.019876521080732346],[0.0,0.0202060304582119],[0.0,0.020483285188674927],[0.0,0.020544076338410378],[0.0,0.020715219900012016],[0.0,0.020838601514697075],[0.0,0.0209159217774868],[0.0,0.02120620384812355],[0.0,0.021215856075286865],[0.0,0.021377824246883392],[0.0,0.021641314029693604],[0.0,0.021965069696307182],[0.0,0.022002393379807472],[0.0,0.022478962317109108],[0.0,0.022517794743180275],[0.0,0.022524815052747726],[0.0,