{"available":true,"displayed_count":145,"error":{"correlation":0.23433321183458117,"mean_lat":0.002544351033243686,"mean_lng":0.026920129479989896,"std_lat":0.02584840533488282,"std_lng":0.36087777169213897},"exact_count":559,"original":{"correlation":0.10667220668601245,"mean_lat":41.242869352415035,"mean_lng":-96.0734899570662,"std_lat":0.09104205084148306,"std_lng":0.46522603642356597},"reduced":{"correlation":-0.1276610051485687,"mean_lat":41.24541370344828,"mean_lng":-96.04656982758621,"std_lat":0.11689045617636588,"std_lng":0.104348264731427}}