{"available":true,"displayed_count":15501,"error":{"correlation":0.0001088989850126787,"mean_lat":0.06489101083079873,"mean_lng":0.0830298628529107,"std_lat":0.008315172937939153,"std_lng":0.009168019937259686},"exact_count":59619,"original":{"correlation":0.07744519765548882,"mean_lat":36.42839419599457,"mean_lng":-94.65892038630302,"std_lat":5.288566147701765,"std_lng":17.432953833205183},"reduced":{"correlation":0.07733629867047614,"mean_lat":36.49328520682537,"mean_lng":-94.57589052345011,"std_lat":5.296881320639704,"std_lng":17.442121853142442}}