{"available":true,"displayed_count":45,"error":{"correlation":0.048834589630981,"mean_lat":0.014651552738659035,"mean_lng":0.030516008137709605,"std_lat":0.05002963811495771,"std_lng":0.03915106640638566},"exact_count":639,"original":{"correlation":-0.21677072467410108,"mean_lat":27.968479419405323,"mean_lng":-82.40634076369327,"std_lat":0.08725774837429336,"std_lng":0.09491963565175404},"reduced":{"correlation":-0.16793613504312008,"mean_lat":27.953827866666664,"mean_lng":-82.37582475555556,"std_lat":0.13728738648925107,"std_lng":0.1340707020581397}}