{"available":true,"displayed_count":19,"error":{"correlation":0.07790302788926567,"mean_lat":0.032268893089540285,"mean_lng":0.029794447903796595,"std_lat":0.0024054707059299463,"std_lng":0.02554583945732207},"exact_count":639,"original":{"correlation":-0.21677072467410108,"mean_lat":27.968479419405323,"mean_lng":-82.40634076369327,"std_lat":0.08725774837429336,"std_lng":0.09491963565175404},"reduced":{"correlation":-0.29467375256336675,"mean_lat":27.936210526315783,"mean_lng":-82.37654631578947,"std_lat":0.0896632190802233,"std_lng":0.06937379619443197}}