{"available":true,"displayed_count":55,"error":{"correlation":0.20349827399194087,"mean_lat":0.008548492286308829,"mean_lng":0.1801515346090241,"std_lat":0.0037510714025841274,"std_lng":0.35641098059369636},"exact_count":1373,"original":{"correlation":0.12203337794456942,"mean_lat":38.50558294683176,"mean_lng":-77.45050595630008,"std_lat":0.7106911631247124,"std_lng":0.7588970166284648},"reduced":{"correlation":0.3255316519365103,"mean_lat":38.49703445454545,"mean_lng":-77.6306574909091,"std_lat":0.7144422345272965,"std_lng":1.1153079972221611}}