{"available":true,"displayed_count":180,"error":{"correlation":0.06443254490766881,"mean_lat":0.7018578963501803,"mean_lng":0.4407802753597849,"std_lat":0.12573981448575156,"std_lng":0.3093479914870476},"exact_count":6323,"original":{"correlation":-0.6593657108089224,"mean_lat":27.43951834809426,"mean_lng":-81.44445542464021,"std_lat":1.1679375825937848,"std_lng":1.014550165795276},"reduced":{"correlation":-0.5949331659012536,"mean_lat":28.14137624444444,"mean_lng":-81.8852357,"std_lat":1.2936773970795363,"std_lng":1.3238981572823236}}