{"available":true,"displayed_count":29,"error":{"correlation":0.05605962622845506,"mean_lat":0.018279445325269705,"mean_lng":0.10937628553145373,"std_lat":0.017573826643971002,"std_lng":0.050384699969886704},"exact_count":970,"original":{"correlation":0.5738316771838443,"mean_lat":35.3540332443299,"mean_lng":-80.46475540412372,"std_lat":0.3061944917115558,"std_lng":0.8679310616074577},"reduced":{"correlation":0.5177720509553893,"mean_lat":35.37231268965517,"mean_lng":-80.57413168965518,"std_lat":0.32376831835552683,"std_lng":0.817546361637571}}