{"available":true,"displayed_count":58,"error":{"correlation":0.015447185756734871,"mean_lat":0.003839182327581625,"mean_lng":0.006801907327613321,"std_lat":0.000442983032804975,"std_lng":0.007690955473456745},"exact_count":80,"original":{"correlation":-0.07101127855482756,"mean_lat":40.6929951625,"mean_lng":-111.92034493749998,"std_lat":0.06198452069739742,"std_lng":0.07426934450722941},"reduced":{"correlation":-0.08645846431156243,"mean_lat":40.69683434482758,"mean_lng":-111.92714684482759,"std_lat":0.061541537664592444,"std_lng":0.08196029998068616}}