{"available":true,"displayed_count":371,"error":{"correlation":0.016411641382251152,"mean_lat":0.40435062338162453,"mean_lng":0.33827542644924335,"std_lat":0.13944541534552768,"std_lng":0.4023053841514048},"exact_count":1373,"original":{"correlation":0.12203337794456942,"mean_lat":38.50558294683176,"mean_lng":-77.45050595630008,"std_lat":0.7106911631247124,"std_lng":0.7588970166284648},"reduced":{"correlation":0.13844501932682057,"mean_lat":38.101232323450134,"mean_lng":-77.78878138274932,"std_lat":0.85013657847024,"std_lng":1.1612024007798696}}