{"available":true,"displayed_count":43,"error":{"correlation":0.17031034742059822,"mean_lat":0.48717117710196334,"mean_lng":0.06713858356370395,"std_lat":0.594792499225101,"std_lng":0.759478605000443},"exact_count":429,"original":{"correlation":-0.38255722210907245,"mean_lat":33.53233084615385,"mean_lng":-112.00097106759908,"std_lat":0.7100094751742487,"std_lng":0.7100116477411018},"reduced":{"correlation":-0.21224687468847422,"mean_lat":34.01950202325581,"mean_lng":-112.06810965116279,"std_lat":1.3048019743993498,"std_lng":1.4694902527415448}}