{"available":true,"displayed_count":114,"error":{"correlation":0.002592106368928704,"mean_lat":0.4580220029905959,"mean_lng":0.3046451707950979,"std_lat":0.564671057217479,"std_lng":0.22670939568222892},"exact_count":2282,"original":{"correlation":-0.38355550308185504,"mean_lat":33.6908235907099,"mean_lng":-84.0889652936021,"std_lat":0.4479248136143815,"std_lng":0.7417346251151957},"reduced":{"correlation":-0.38614760945078375,"mean_lat":33.2328015877193,"mean_lng":-83.784320122807,"std_lat":1.0125958708318605,"std_lng":0.9684440207974246}}