{"available":true,"displayed_count":559,"error":{"correlation":0.0,"mean_lat":0.0,"mean_lng":0.0,"std_lat":0.0,"std_lng":0.0},"exact_count":559,"original":{"correlation":0.10667220668601245,"mean_lat":41.242869352415035,"mean_lng":-96.0734899570662,"std_lat":0.09104205084148306,"std_lng":0.46522603642356597},"reduced":{"correlation":0.10667220668601245,"mean_lat":41.242869352415035,"mean_lng":-96.0734899570662,"std_lat":0.09104205084148306,"std_lng":0.46522603642356597}}