{"available":true,"displayed_count":129,"error":{"correlation":0.04755662634925051,"mean_lat":0.09798840190816804,"mean_lng":0.028926242478434006,"std_lat":0.37624128072332375,"std_lng":0.43541108665974115},"exact_count":429,"original":{"correlation":-0.38255722210907245,"mean_lat":33.53233084615385,"mean_lng":-112.00097106759908,"std_lat":0.7100094751742487,"std_lng":0.7100116477411018},"reduced":{"correlation":-0.33500059575982194,"mean_lat":33.630319248062015,"mean_lng":-112.02989731007752,"std_lat":1.0862507558975725,"std_lng":1.145422734400843}}