{"available":true,"displayed_count":100,"error":{"correlation":0.061112814300559,"mean_lat":0.05527268427135823,"mean_lng":0.02775554879397646,"std_lat":0.07160205656375634,"std_lng":0.03848383163454383},"exact_count":199,"original":{"correlation":0.038363071207345494,"mean_lat":39.52555714572864,"mean_lng":-105.32470524120603,"std_lat":0.48020834354774433,"std_lng":0.8424264531476124},"reduced":{"correlation":0.0994758855079045,"mean_lat":39.58082983,"mean_lng":-105.35246079000001,"std_lat":0.408606286983988,"std_lng":0.8039426215130686}}