{"available":true,"displayed_count":35,"error":{"correlation":0.1594035679112903,"mean_lat":0.03378307578920925,"mean_lng":0.05035428588624313,"std_lat":0.012230085064162066,"std_lng":0.021426626706389562},"exact_count":1163,"original":{"correlation":0.7463282964098988,"mean_lat":40.499188067067934,"mean_lng":-74.46841439982803,"std_lat":0.4312280886793263,"std_lng":0.3834577382785352},"reduced":{"correlation":0.5869247284986085,"mean_lat":40.53297114285714,"mean_lng":-74.51876868571428,"std_lat":0.41899800361516426,"std_lng":0.40488436498492475}}