{"available":true,"displayed_count":128,"error":{"correlation":0.31905499692084144,"mean_lat":0.12838042644293068,"mean_lng":0.15819216267196623,"std_lat":0.10578144856414667,"std_lng":0.011154886490510107},"exact_count":1163,"original":{"correlation":0.7463282964098988,"mean_lat":40.499188067067934,"mean_lng":-74.46841439982803,"std_lat":0.4312280886793263,"std_lng":0.3834577382785352},"reduced":{"correlation":0.4272732994890574,"mean_lat":40.370807640625,"mean_lng":-74.6266065625,"std_lat":0.537009537243473,"std_lng":0.3723028517880251}}