{"available":true,"displayed_count":82,"error":{"correlation":0.1845467023102002,"mean_lat":0.8203978492707833,"mean_lng":0.9909299095535715,"std_lat":0.07892127854714348,"std_lng":0.8624819502473655},"exact_count":1373,"original":{"correlation":0.12203337794456942,"mean_lat":38.50558294683176,"mean_lng":-77.45050595630008,"std_lat":0.7106911631247124,"std_lng":0.7588970166284648},"reduced":{"correlation":0.3065800802547696,"mean_lat":37.685185097560975,"mean_lng":-78.44143586585365,"std_lat":0.7896124416718558,"std_lng":1.6213789668758303}}