{"applied_min_pixel_distance":17.03787728020304,"available":true,"baseline_distances":{"bottleneck_h0":0.04263607470575265,"bottleneck_h1":0.028203903347218222,"wasserstein_h0":0.40212460040625136,"wasserstein_h1":0.10875730538257564},"baseline_equivalent_percentage":30.541871921182267,"baseline_key":"county_20pct_distance","baseline_label":"County 20% distance","baseline_n_points":62,"baseline_percentage":null,"baseline_source_county":"Mecklenburg","baseline_source_percentage":20,"baseline_source_state":"NC","baseline_source_zoom":"county","complete":true,"country_min_distance":null,"country_min_pixel_distance":null,"current_distances":{"bottleneck_h0":0.020251549938004,"bottleneck_h1":0.015771795556269,"wasserstein_h0":0.1876850411397463,"wasserstein_h1":0.0602355271043563},"current_label":null,"current_percentage":38,"displayed_count":77,"distances":{"bottleneck_h0":0.020251549938004,"bottleneck_h1":0.015771795556269,"wasserstein_h0":0.1876850411397463,"wasserstein_h1":0.0602355271043563},"exact_count":203,"normalized_distances":{"bottleneck_h0":0.474986266389846,"bottleneck_h1":0.5592061269712367,"wasserstein_h0":0.46673354713970533,"wasserstein_h1":0.5538526988367884},"original":{"h0":[[0.0,0.6890352710152456],[0.0,0.1655381425624991],[0.0,0.1381764658212495],[0.0,0.1216118467700037],[0.0,0.0962949809852506],[0.0,0.0842000721145006],[0.0,0.0751977268250011],[0.0,0.0672716924560003],[0.0,0.051072500249998],[0.0,0.0496157235080014],[0.0,0.0484264809320006],[0.0,0.0437230290624995],[0.0,0.0378504384249974],[0.0,0.0342914096410015],[0.0,0.0322144722500011],[0.0,0.0308356272625025],[0.0,0.0305488580500001],[0.0,0.0297106165809992],[0.0,0.0278762405045007],[0.0,0.0237731150249997],[0.0,0.0237647561105003],[0.0,0.0232849899049998],[0.0,0.020618710633],[0.0,0.0188999626810008],[0.0,0.0187380450500005],[0.0,0.0180873424999989],[0.0,0.0165257161479994],[0.0,0.015685639243251],[0.0,0.0152968888172504],[0.0,0.0122912223852495],[0.0,0.0115151806249994],[0.0,0.0112102420999998],[0.0,0.0100812191584994],[0.0,0.0098798304442503],[0.0,0.0098636573250001],[0.0,0.0096457820500001],[0.0,0.0090204447999998],[0.0,0.0089262700232489],[0.0,0.0086706383265005],[0.0,0.0085215479312496],[0.0,0.0082139165000004],[0.0,0.0075444724352498],[0.0,0.0073275089884999],[0.0,0.0072851613805005],[0.0,0.0070401467012494],[0.0,0.0067767148832505],[0.0,0.0067497751125002],[0.0,0.0066545665322492],[0.0,0.006437638525],[0.0,0.0062404424465005],[0.0,0.0060249158944988],[0.0,0.00583308125],[0.0,0.0057983338125007],[0.0,0.0056755596249994],[0.0,0.0055154198249994],[0.0,0.0054172659272499],[0.0,0.0050808391722501],[0.0,0.0050177164999995],[0.0,0.0048008755249993],[0.0,0.0041062500000006],[0.0,0.004074751517],[0.0,0.0038446985000008],[0.0,0.0037605719702501],[0.0,0.0037560780999999],[0.0,0.0036866244999999],[0.0,0.0036767188969999],[0.0,0.00296658489725],[0.0,0.0027977468544999],[0.0,0.0025937797090001],[0.0,0.0024304823822499],[0.0,0.0023751802172498],[0.0,0.0021803327582505],[0.0,0.00193258325],[0.0,0.0017434815080001],[0.0,0.0017210929250001],[0.0,0.0016131690542502],[0.0,0.0013690957945],[0.0,0.0013124790499998],[0.0,0.0012391561712502],[0.0,0.0012218664499999],[0.0,0.0010266430802499],[0.0,0.0010112818002497],[0.0,0.0008647161999999],[0.0,0.0008635588632496],[0.0,0.0008607528425001],[0.0,0.0007964252500002],[0.0,0.0007291721224998],[0.0,0.0006423085],[0.0,0.0006183887889998],[0.0,0.0006029395999998],[0.0,0.0005493670249999],[0.0,0.0005357779862499],[0.0,0.00049558725],[0.0,0.0004898937170001],[0.0,0.0004850884999999],[0.0,0.0004790517822499],[0.0,0.0004578880812498],[0.0,0.0004338786962498],[0.0,0.0004201135249998],[0.0,0.0004089921502498],[0.0,0.0003700806290001],[0.0,0.0003357551250002],[0.0,0.0002609550312499],[0.0,0.0002390215999999],[0.0,0.00020961363125],[0.0,0.0001965182500001],[0.0,0.0001907574702499],[0.0,0.00018180895525],[0.0,0.0001694578249999],[0.0,0.000159085125],[0.0,0.0001589732884999],[0.0,0.00013677025],[0.0,0.0001337464249999],[0.0,0.000131182825],[0.0,0.0001288544242499],[0.0,0.0001273846625001],[0.0,0.0001205248499997],[0.0,0.00011644696125],[0.0,0.0001087573512499],[0.0,0.000107430625],[0.0,0.0001067023999999],[0.0,8.901472500004962e-05],[0.0,8.901141125004287e-05],[0.0,7.0132900500036e-05],[0.0,6.222764199999766e-05],[0.0,6.192912500004545e-05],[0.0,6.005364999994744e-05],[0.0,5.5812249999980285e-05],[0.0,4.936752500003352e-05],[0.0,4.9106249999993486e-05],[0.0,4.678885000001118e-05],[0.0,4.657332500003213e-05],[0.0,4.644358525003274e-05],[0.0,4.129272500000148e-05],[0.0,4.1171299999984215e-05],[0.0,4.0710800000000186e-05],[0.0,3.902962499996087e-05],[0.0,3.750972525006912e-05],[0.0,3.486844999998889e-05],[0.0,3.229095025006849e-05],[0.0,3.193265000003106e-05],[0.0,2.853450000001184e-05],[0.0,2.8475648500051596e-05],[0.0,2.7144622250011056e-05],[0.0,2.585256125000921e-05],[0.0,2.480929700000188e-05],[0.0,2.342068199997026e-05],[0.0,1.935180999997128e-05],[0.0,1.880119250002408e-05],[0.0,1.8092869249998413e-05],[0.0,1.7456125000006965e-05],[0.0,1.6297565000002347e-05],[0.0,1.5087416499972945e-05],[0.0,1.4889025000013748e-05],[0.0,1.3930850000019669e-05],[0.0,1.3104325000024108e-05],[0.0,1.247159225000791e-05],[0.0,1.2387820250032786e-05],[0.0,1.121345000002778e-05],[0.0,1.1181420499964942e-05],[0.0,1.0406599999994296e-05],[0.0,1.0317460500002684e-05],[0.0,8.647200000013326e-06],[0.0,8.434125000016083e-06],[0.0,7.513300000007733e-06],[0.0,7.3324249999825794e-06],[0.0,6.702100000007904e-06],[0.0,6.416125000005487e-06],[0.0,4.795121000001993e-06],[0.0,4.161824999989229e-06],[0.0,3.949805250002048e-06],[0.0,3.334325000002401e-06],[0.0,2.939425000004121e-06],[0.0,2.8962100000139406e-06],[0.0,2.71142500001133e-06],[0.0,2.5892500000067075e-06],[0.0,2.402099999997394e-06],[0.0,1.5999300000023244e-06],[0.0,1.045125000005227e-06],[0.0,9.04624999998812e-07],[0.0,6.840182499909784e-07],[0.0,4.770000000020399e-07],[0.0,1.8860525000046573e-07],[0.0,9.481249999970461e-08],[0.0,4.915700000187785e-08],[0.0,3.942649999941964e-08],[0.0,3.004525000049498e-08],[0.0,2.4068499999542243e-08],[0.0,1.2170500000326574e-08],[0.0,2.4999999873762136e-12]],