{"available":true,"displayed_count":48,"error":{"correlation":0.6237310859937535,"mean_lat":0.2271243598367647,"mean_lng":0.7880454249570619,"std_lat":0.2140024829303721,"std_lng":0.548097182818282},"exact_count":970,"original":{"correlation":0.5738316771838443,"mean_lat":35.3540332443299,"mean_lng":-80.46475540412372,"std_lat":0.3061944917115558,"std_lng":0.8679310616074577},"reduced":{"correlation":-0.049899408809909125,"mean_lat":35.58115760416666,"mean_lng":-79.67670997916666,"std_lat":0.5201969746419279,"std_lng":1.4160282444257397}}