{"available":true,"displayed_count":77,"error":{"correlation":0.014288197980581202,"mean_lat":0.09563542812359316,"mean_lng":0.5342636386027664,"std_lat":0.006429090348427646,"std_lng":0.3821482998724248},"exact_count":203,"original":{"correlation":0.1353410691481391,"mean_lat":44.74240581773399,"mean_lng":-121.90640805418718,"std_lat":1.0992646636404328,"std_lng":1.8366444915081612},"reduced":{"correlation":0.12105287116755789,"mean_lat":44.646770389610396,"mean_lng":-121.37214441558442,"std_lat":1.1056937539888605,"std_lng":2.218792791380586}}