{"available":true,"displayed_count":32,"error":{"correlation":0.00491233603866096,"mean_lat":0.08726170822863821,"mean_lng":0.40896466504396756,"std_lat":0.1534347598513094,"std_lng":0.4932903211946642},"exact_count":199,"original":{"correlation":0.038363071207345494,"mean_lat":39.52555714572864,"mean_lng":-105.32470524120603,"std_lat":0.48020834354774433,"std_lng":0.8424264531476124},"reduced":{"correlation":0.033450735168684534,"mean_lat":39.4382954375,"mean_lng":-105.73366990625,"std_lat":0.6336431033990537,"std_lng":1.3357167743422766}}