{"available":true,"displayed_count":64,"error":{"correlation":0.04959592823180122,"mean_lat":0.02079367283519673,"mean_lng":0.013681687150835842,"std_lat":0.02275097214270183,"std_lng":0.018941586158438425},"exact_count":716,"original":{"correlation":0.0446389780487569,"mean_lat":35.2149306396648,"mean_lng":-80.84035443715084,"std_lat":0.0840017287202155,"std_lng":0.07203490953687845},"reduced":{"correlation":-0.004956950183044323,"mean_lat":35.2357243125,"mean_lng":-80.82667275,"std_lat":0.10675270086291733,"std_lng":0.09097649569531688}}