{"available":true,"displayed_count":68,"error":{"correlation":0.02507132135019957,"mean_lat":0.0032218830882371208,"mean_lng":0.0031532242647074327,"std_lat":0.0016070688209190442,"std_lng":0.002683847702215275},"exact_count":80,"original":{"correlation":-0.07101127855482756,"mean_lat":40.6929951625,"mean_lng":-111.92034493749998,"std_lat":0.06198452069739742,"std_lng":0.07426934450722941},"reduced":{"correlation":-0.09608259990502713,"mean_lat":40.68977327941176,"mean_lng":-111.92349816176468,"std_lat":0.06359158951831646,"std_lng":0.07695319220944469}}