{"available":true,"displayed_count":73,"error":{"correlation":0.07124642955685011,"mean_lat":0.007399585291743449,"mean_lng":0.23740508402968885,"std_lat":0.08183874237152655,"std_lng":0.7798233064290204},"exact_count":559,"original":{"correlation":0.10667220668601245,"mean_lat":41.242869352415035,"mean_lng":-96.0734899570662,"std_lat":0.09104205084148306,"std_lng":0.46522603642356597},"reduced":{"correlation":0.17791863624286255,"mean_lat":41.23546976712329,"mean_lng":-96.31089504109589,"std_lat":0.17288079321300961,"std_lng":1.2450493428525864}}