{"available":true,"displayed_count":65,"error":{"correlation":0.002390715118049974,"mean_lat":0.047726494657055696,"mean_lng":0.46039660803333504,"std_lat":0.0023030300746846866,"std_lng":0.2863877102579757},"exact_count":203,"original":{"correlation":0.1353410691481391,"mean_lat":44.74240581773399,"mean_lng":-121.90640805418718,"std_lat":1.0992646636404328,"std_lng":1.8366444915081612},"reduced":{"correlation":0.13295035403008912,"mean_lat":44.69467932307693,"mean_lng":-121.44601144615385,"std_lat":1.0969616335657482,"std_lng":2.123032201766137}}