{"available":true,"displayed_count":1460,"error":{"correlation":0.02086263176399905,"mean_lat":0.00459977602739059,"mean_lng":0.0037847746575323526,"std_lat":0.008545142605771827,"std_lng":0.007091491114626258},"exact_count":2920,"original":{"correlation":0.5650759287160747,"mean_lat":41.901821595205476,"mean_lng":-88.03341585410959,"std_lat":0.4965988256039529,"std_lng":0.3598442786634068},"reduced":{"correlation":0.5859385604800738,"mean_lat":41.897221819178085,"mean_lng":-88.03720062876712,"std_lat":0.5051439682097247,"std_lng":0.36693576977803305}}