{"available":true,"displayed_count":222,"error":{"correlation":0.012739413167622844,"mean_lat":0.00831118465952585,"mean_lng":0.005794648862533336,"std_lat":0.009919605376635332,"std_lng":0.004033651470448554},"exact_count":716,"original":{"correlation":0.0446389780487569,"mean_lat":35.2149306396648,"mean_lng":-80.84035443715084,"std_lat":0.0840017287202155,"std_lng":0.07203490953687845},"reduced":{"correlation":0.05737839121637974,"mean_lat":35.223241824324326,"mean_lng":-80.8345597882883,"std_lat":0.09392133409685083,"std_lng":0.076068561007327}}