{"available":true,"displayed_count":759,"error":{"correlation":0.06050854426056618,"mean_lat":0.005282273042212182,"mean_lng":0.006425919276452419,"std_lat":0.0005212315855299687,"std_lng":0.00040861686823118193},"exact_count":2920,"original":{"correlation":0.5650759287160747,"mean_lat":41.901821595205476,"mean_lng":-88.03341585410959,"std_lat":0.4965988256039529,"std_lng":0.3598442786634068},"reduced":{"correlation":0.6255844729766409,"mean_lat":41.90710386824769,"mean_lng":-88.03984177338604,"std_lat":0.4971200571894829,"std_lng":0.3594356617951756}}