{"available":true,"displayed_count":3,"error":{"correlation":0.977883392692,"mean_lat":0.00308649583332965,"mean_lng":0.013699270833328114,"std_lat":0.034955091484859174,"std_lng":0.03442258855116744},"exact_count":80,"original":{"correlation":-0.07101127855482756,"mean_lat":40.6929951625,"mean_lng":-111.92034493749998,"std_lat":0.06198452069739742,"std_lng":0.07426934450722941},"reduced":{"correlation":0.9068721141371724,"mean_lat":40.68990866666667,"mean_lng":-111.90664566666665,"std_lat":0.027029429212538245,"std_lng":0.03984675595606197}}