{"available":true,"displayed_count":136,"error":{"correlation":0.044096194058250944,"mean_lat":0.01084086768813819,"mean_lng":0.008821334209656584,"std_lat":0.016384190751327674,"std_lng":0.00967060051349912},"exact_count":716,"original":{"correlation":0.0446389780487569,"mean_lat":35.2149306396648,"mean_lng":-80.84035443715084,"std_lat":0.0840017287202155,"std_lng":0.07203490953687845},"reduced":{"correlation":0.000542783990505956,"mean_lat":35.22577150735294,"mean_lng":-80.83153310294118,"std_lat":0.10038591947154317,"std_lng":0.08170551005037757}}