{"available":true,"displayed_count":166,"error":{"correlation":0.2509373994812666,"mean_lat":0.10415572971853493,"mean_lng":0.14091601583461966,"std_lat":0.10692530455919941,"std_lng":0.012461869407612125},"exact_count":1163,"original":{"correlation":0.7463282964098988,"mean_lat":40.499188067067934,"mean_lng":-74.46841439982803,"std_lat":0.4312280886793263,"std_lng":0.3834577382785352},"reduced":{"correlation":0.49539089692863225,"mean_lat":40.3950323373494,"mean_lng":-74.60933041566265,"std_lat":0.5381533932385257,"std_lng":0.37099586887092306}}