{"available":true,"displayed_count":25,"error":{"correlation":0.06239314334763113,"mean_lat":0.014304799561507764,"mean_lng":0.004151709866022202,"std_lat":0.0030409150526055084,"std_lng":0.019161126754253965},"exact_count":821,"original":{"correlation":-0.5519163520345783,"mean_lat":41.86682215956151,"mean_lng":-87.78057009013398,"std_lat":0.12895048172706478,"std_lng":0.16909198008842194},"reduced":{"correlation":-0.6143094953822095,"mean_lat":41.85251736,"mean_lng":-87.7847218,"std_lat":0.12590956667445927,"std_lng":0.1882531068426759}}