{"available":true,"displayed_count":99,"error":{"correlation":0.03248024432200769,"mean_lat":0.010731896935247676,"mean_lng":0.025753222997337843,"std_lat":0.04541776953749982,"std_lng":0.0006677342528968733},"exact_count":821,"original":{"correlation":-0.5519163520345783,"mean_lat":41.86682215956151,"mean_lng":-87.78057009013398,"std_lat":0.12895048172706478,"std_lng":0.16909198008842194},"reduced":{"correlation":-0.584396596356586,"mean_lat":41.85609026262626,"mean_lng":-87.80632331313132,"std_lat":0.1743682512645646,"std_lng":0.16842424583552507}}