{"available":true,"displayed_count":22,"error":{"correlation":0.6516007530902561,"mean_lat":0.05542914758495954,"mean_lng":0.018746270206534632,"std_lat":0.16376905945410034,"std_lng":0.3556339790832418},"exact_count":559,"original":{"correlation":0.10667220668601245,"mean_lat":41.242869352415035,"mean_lng":-96.0734899570662,"std_lat":0.09104205084148306,"std_lng":0.46522603642356597},"reduced":{"correlation":-0.5449285464042437,"mean_lat":41.298298499999994,"mean_lng":-96.09223622727274,"std_lat":0.2548111102955834,"std_lng":0.10959205734032416}}