{"available":true,"displayed_count":2,"error":{"correlation":1.0710112785548276,"mean_lat":0.045286162499998284,"mean_lng":0.09692393749998018,"std_lat":0.026766479302604604,"std_lng":0.0039516554927697956},"exact_count":80,"original":{"correlation":-0.07101127855482756,"mean_lat":40.6929951625,"mean_lng":-111.92034493749998,"std_lat":0.06198452069739742,"std_lng":0.07426934450722941},"reduced":{"correlation":1.0,"mean_lat":40.647709,"mean_lng":-111.823421,"std_lat":0.08875100000000202,"std_lng":0.07822099999999921}}