{"available":true,"displayed_count":320,"error":{"correlation":0.004023217293901565,"mean_lat":0.0034727975303248115,"mean_lng":0.005302208181731771,"std_lat":0.0017184469362764992,"std_lng":0.006689115825301989},"exact_count":639,"original":{"correlation":-0.21677072467410108,"mean_lat":27.968479419405323,"mean_lng":-82.40634076369327,"std_lat":0.08725774837429336,"std_lng":0.09491963565175404},"reduced":{"correlation":-0.22079394196800264,"mean_lat":27.965006621875,"mean_lng":-82.411642971875,"std_lat":0.08553930143801686,"std_lng":0.08823051982645205}}