{"available":true,"displayed_count":72,"error":{"correlation":0.08162721339108972,"mean_lat":0.017671665890759414,"mean_lng":0.015826728817501134,"std_lat":0.024864642914494528,"std_lng":0.018039147615407133},"exact_count":716,"original":{"correlation":0.0446389780487569,"mean_lat":35.2149306396648,"mean_lng":-80.84035443715084,"std_lat":0.0840017287202155,"std_lng":0.07203490953687845},"reduced":{"correlation":-0.03698823534233283,"mean_lat":35.23260230555556,"mean_lng":-80.82452770833333,"std_lat":0.10886637163471002,"std_lng":0.09007405715228559}}