{"available":true,"displayed_count":1789,"error":{"correlation":0.02727583614407182,"mean_lat":0.21470541719715897,"mean_lng":0.03789218283739615,"std_lat":0.05062606127545344,"std_lng":0.27820032555741037},"exact_count":59619,"original":{"correlation":0.07744519765548882,"mean_lat":36.42839419599457,"mean_lng":-94.65892038630302,"std_lat":5.288566147701765,"std_lng":17.432953833205183},"reduced":{"correlation":0.10472103379956064,"mean_lat":36.64309961319173,"mean_lng":-94.62102820346563,"std_lat":5.2379400864263115,"std_lng":17.711154158762593}}