{"available":true,"displayed_count":8,"error":{"correlation":0.4475186510147553,"mean_lat":0.07831235427136107,"mean_lng":0.1129191337939659,"std_lat":0.08792407292024512,"std_lng":0.40627560719223643},"exact_count":199,"original":{"correlation":0.038363071207345494,"mean_lat":39.52555714572864,"mean_lng":-105.32470524120603,"std_lat":0.48020834354774433,"std_lng":0.8424264531476124},"reduced":{"correlation":0.4858817222221008,"mean_lat":39.6038695,"mean_lng":-105.437624375,"std_lat":0.3922842706274992,"std_lng":1.2487020603398489}}