{"available":true,"displayed_count":8,"error":{"correlation":0.4919449215168331,"mean_lat":0.7504745572660099,"mean_lng":0.8707765708128079,"std_lat":0.8916461831781066,"std_lng":1.5020121228866645},"exact_count":203,"original":{"correlation":0.1353410691481391,"mean_lat":44.74240581773399,"mean_lng":-121.90640805418718,"std_lat":1.0992646636404328,"std_lng":1.8366444915081612},"reduced":{"correlation":-0.356603852368694,"mean_lat":45.492880375,"mean_lng":-122.77718462499999,"std_lat":0.20761848046232628,"std_lng":0.33463236862149676}}