{"available":true,"displayed_count":97,"error":{"correlation":0.4663299750839429,"mean_lat":0.23304094123711394,"mean_lng":0.5900791979381665,"std_lat":0.1345134697553741,"std_lng":0.46485953744691677},"exact_count":970,"original":{"correlation":0.5738316771838443,"mean_lat":35.3540332443299,"mean_lng":-80.46475540412372,"std_lat":0.3061944917115558,"std_lng":0.8679310616074577},"reduced":{"correlation":0.10750170209990137,"mean_lat":35.58707418556701,"mean_lng":-79.87467620618555,"std_lat":0.4407079614669299,"std_lng":1.3327905990543745}}