{"available":true,"displayed_count":53,"error":{"correlation":0.1888938020761589,"mean_lat":0.035626553583050224,"mean_lng":0.0002610541871774785,"std_lat":0.019739191746237283,"std_lng":0.09880719775260816},"exact_count":203,"original":{"correlation":0.1353410691481391,"mean_lat":44.74240581773399,"mean_lng":-121.90640805418718,"std_lat":1.0992646636404328,"std_lng":1.8366444915081612},"reduced":{"correlation":0.324234871224298,"mean_lat":44.70677926415094,"mean_lng":-121.906147,"std_lat":1.1190038553866701,"std_lng":1.737837293755553}}