{"available":true,"displayed_count":394,"error":{"correlation":0.03813865654566399,"mean_lat":0.0051402918072795956,"mean_lng":0.0023206579630254964,"std_lat":0.004535996076022106,"std_lng":0.0021797236096621764},"exact_count":716,"original":{"correlation":0.0446389780487569,"mean_lat":35.2149306396648,"mean_lng":-80.84035443715084,"std_lat":0.0840017287202155,"std_lng":0.07203490953687845},"reduced":{"correlation":0.08277763459442089,"mean_lat":35.22007093147208,"mean_lng":-80.83803377918781,"std_lat":0.0885377247962376,"std_lng":0.07421463314654063}}