{"available":true,"displayed_count":21,"error":{"correlation":0.12003960749033138,"mean_lat":0.9096871428571518,"mean_lng":0.0728232922078007,"std_lat":0.26031946986204757,"std_lng":0.40490755381228627},"exact_count":132,"original":{"correlation":0.2984100477421962,"mean_lat":40.35702866666667,"mean_lng":-111.91012453030304,"std_lat":0.8826152258291889,"std_lng":0.5566586614368562},"reduced":{"correlation":0.4184496552325276,"mean_lat":39.44734152380952,"mean_lng":-111.83730123809524,"std_lat":1.1429346956912365,"std_lng":0.9615662152491424}}