{"available":true,"displayed_count":39,"error":{"correlation":0.62421987998668,"mean_lat":0.23730337105471477,"mean_lng":0.7888553784826939,"std_lat":0.2515032047076267,"std_lng":0.6263389931346411},"exact_count":970,"original":{"correlation":0.5738316771838443,"mean_lat":35.3540332443299,"mean_lng":-80.46475540412372,"std_lat":0.3061944917115558,"std_lng":0.8679310616074577},"reduced":{"correlation":-0.0503882028028357,"mean_lat":35.59133661538461,"mean_lng":-79.67590002564103,"std_lat":0.5576976964191825,"std_lng":1.4942700547420988}}