{"available":true,"displayed_count":1012,"error":{"correlation":0.1335696148472103,"mean_lat":0.44719425862510676,"mean_lng":0.2596801642926039,"std_lat":0.02905570760402698,"std_lng":0.030712667700728113},"exact_count":6323,"original":{"correlation":-0.6593657108089224,"mean_lat":27.43951834809426,"mean_lng":-81.44445542464021,"std_lat":1.1679375825937848,"std_lng":1.014550165795276},"reduced":{"correlation":-0.5257960959617121,"mean_lat":27.886712606719367,"mean_lng":-81.70413558893281,"std_lat":1.1969932901978118,"std_lng":1.0452628334960041}}