{"available":true,"displayed_count":50,"error":{"correlation":0.019182318899961692,"mean_lat":0.38649796666667413,"mean_lng":0.035644570303034584,"std_lat":0.25450376715485634,"std_lng":0.2366161396791232},"exact_count":132,"original":{"correlation":0.2984100477421962,"mean_lat":40.35702866666667,"mean_lng":-111.91012453030304,"std_lat":0.8826152258291889,"std_lng":0.5566586614368562},"reduced":{"correlation":0.3175923666421579,"mean_lat":39.9705307,"mean_lng":-111.87447996,"std_lat":1.1371189929840453,"std_lng":0.7932748011159794}}