{"available":true,"displayed_count":17,"error":{"correlation":0.6283012759214904,"mean_lat":0.01729376417974038,"mean_lng":0.039068133536787286,"std_lat":0.035745386746740965,"std_lng":0.3904893265302694},"exact_count":559,"original":{"correlation":0.10667220668601245,"mean_lat":41.242869352415035,"mean_lng":-96.0734899570662,"std_lat":0.09104205084148306,"std_lng":0.46522603642356597},"reduced":{"correlation":-0.521629069235478,"mean_lat":41.225575588235294,"mean_lng":-96.03442182352941,"std_lat":0.0552966640947421,"std_lng":0.07473670989329656}}