{"available":true,"displayed_count":6,"error":{"correlation":0.9291297321417087,"mean_lat":0.17773418760469184,"mean_lng":0.1982792587939599,"std_lat":0.18140041871605211,"std_lng":0.49848038647595194},"exact_count":199,"original":{"correlation":0.038363071207345494,"mean_lat":39.52555714572864,"mean_lng":-105.32470524120603,"std_lat":0.48020834354774433,"std_lng":0.8424264531476124},"reduced":{"correlation":0.9674928033490542,"mean_lat":39.70329133333333,"mean_lng":-105.52298449999999,"std_lat":0.2988079248316922,"std_lng":1.3409068396235644}}