{"available":true,"displayed_count":69,"error":{"correlation":0.18309630064471188,"mean_lat":0.8921921787158027,"mean_lng":1.0097067538448528,"std_lat":0.05852789745916309,"std_lng":0.9515355386337705},"exact_count":1373,"original":{"correlation":0.12203337794456942,"mean_lat":38.50558294683176,"mean_lng":-77.45050595630008,"std_lat":0.7106911631247124,"std_lng":0.7588970166284648},"reduced":{"correlation":0.3051296785892813,"mean_lat":37.613390768115956,"mean_lng":-78.46021271014493,"std_lat":0.7692190605838755,"std_lng":1.7104325552622353}}