{"available":true,"displayed_count":47,"error":{"correlation":0.11840201347893298,"mean_lat":0.10093189685516535,"mean_lng":0.07508719591663748,"std_lat":0.029014392381511156,"std_lng":0.04155839995697003},"exact_count":1163,"original":{"correlation":0.7463282964098988,"mean_lat":40.499188067067934,"mean_lng":-74.46841439982803,"std_lat":0.4312280886793263,"std_lng":0.3834577382785352},"reduced":{"correlation":0.8647303098888318,"mean_lat":40.39825617021277,"mean_lng":-74.54350159574467,"std_lat":0.4602424810608375,"std_lng":0.4250161382355052}}