{"available":true,"displayed_count":228,"error":{"correlation":0.014512533346903188,"mean_lat":0.00894596998432462,"mean_lng":0.0024019941683661727,"std_lat":0.009685711821677073,"std_lng":0.004070473386784623},"exact_count":716,"original":{"correlation":0.0446389780487569,"mean_lat":35.2149306396648,"mean_lng":-80.84035443715084,"std_lat":0.0840017287202155,"std_lng":0.07203490953687845},"reduced":{"correlation":0.059151511395660085,"mean_lat":35.223876609649125,"mean_lng":-80.83795244298247,"std_lat":0.09368744054189257,"std_lng":0.07610538292366308}}