{"available":true,"displayed_count":17,"error":{"correlation":0.028897227047093743,"mean_lat":0.2304232714932084,"mean_lng":0.12632089112850053,"std_lat":0.14302182073504754,"std_lng":0.11828313730605888},"exact_count":429,"original":{"correlation":-0.38255722210907245,"mean_lat":33.53233084615385,"mean_lng":-112.00097106759908,"std_lat":0.7100094751742487,"std_lng":0.7100116477411018},"reduced":{"correlation":-0.3536599950619787,"mean_lat":33.762754117647056,"mean_lng":-111.87465017647058,"std_lat":0.8530312959092963,"std_lng":0.5917285104350429}}