{"available":true,"displayed_count":2385,"error":{"correlation":0.16064780809337287,"mean_lat":1.9033347390159108,"mean_lng":1.8544152873512587,"std_lat":0.2670255692025725,"std_lng":0.8399222905950161},"exact_count":59619,"original":{"correlation":0.07744519765548882,"mean_lat":36.42839419599457,"mean_lng":-94.65892038630302,"std_lat":5.288566147701765,"std_lng":17.432953833205183},"reduced":{"correlation":-0.08320261043788403,"mean_lat":38.33172893501048,"mean_lng":-92.80450509895176,"std_lat":5.021540578499192,"std_lng":16.593031542610166}}