{"available":true,"displayed_count":21,"error":{"correlation":0.03714200414130625,"mean_lat":0.0724902192982455,"mean_lng":0.10503059649123259,"std_lat":0.046057558722497435,"std_lng":0.020859083233843015},"exact_count":266,"original":{"correlation":-0.4469454550994148,"mean_lat":39.02748001879699,"mean_lng":-77.50051845112782,"std_lat":0.0747135260279538,"std_lng":0.09173212460418598},"reduced":{"correlation":-0.48408745924072105,"mean_lat":39.09997023809524,"mean_lng":-77.60554904761905,"std_lat":0.12077108475045123,"std_lng":0.11259120783802899}}