{"available":true,"displayed_count":60,"error":{"correlation":0.01214674130336671,"mean_lat":0.0022112041666773052,"mean_lng":0.007007279166685976,"std_lat":0.0007741371210340381,"std_lng":0.006624383363371997},"exact_count":80,"original":{"correlation":-0.07101127855482756,"mean_lat":40.6929951625,"mean_lng":-111.92034493749998,"std_lat":0.06198452069739742,"std_lng":0.07426934450722941},"reduced":{"correlation":-0.08315801985819427,"mean_lat":40.695206366666675,"mean_lng":-111.92735221666666,"std_lat":0.06121038357636338,"std_lng":0.08089372787060141}}