{"available":true,"displayed_count":206,"error":{"correlation":0.07450665792331301,"mean_lat":0.6173170196472952,"mean_lng":0.609626053408661,"std_lat":0.11057893793078577,"std_lng":0.5865610803599761},"exact_count":1373,"original":{"correlation":0.12203337794456942,"mean_lat":38.50558294683176,"mean_lng":-77.45050595630008,"std_lat":0.7106911631247124,"std_lng":0.7588970166284648},"reduced":{"correlation":0.19654003586788243,"mean_lat":37.88826592718446,"mean_lng":-78.06013200970874,"std_lat":0.8212701010554981,"std_lng":1.3454580969884409}}