{"available":true,"displayed_count":93,"error":{"correlation":0.3470224976685883,"mean_lat":0.13940960470234387,"mean_lng":0.1716875894192924,"std_lat":0.136516779665177,"std_lng":0.001053807301289733},"exact_count":1163,"original":{"correlation":0.7463282964098988,"mean_lat":40.499188067067934,"mean_lng":-74.46841439982803,"std_lat":0.4312280886793263,"std_lng":0.3834577382785352},"reduced":{"correlation":0.39930579874131056,"mean_lat":40.35977846236559,"mean_lng":-74.64010198924733,"std_lat":0.5677448683445033,"std_lng":0.38240393097724545}}