{"available":true,"displayed_count":266,"error":{"correlation":0.0,"mean_lat":0.0,"mean_lng":0.0,"std_lat":0.0,"std_lng":0.0},"exact_count":266,"original":{"correlation":-0.4469454550994148,"mean_lat":39.02748001879699,"mean_lng":-77.50051845112782,"std_lat":0.0747135260279538,"std_lng":0.09173212460418598},"reduced":{"correlation":-0.4469454550994148,"mean_lat":39.02748001879699,"mean_lng":-77.50051845112782,"std_lat":0.0747135260279538,"std_lng":0.09173212460418598}}