{"available":true,"displayed_count":72,"error":{"correlation":0.01017293293518217,"mean_lat":0.019976104061981914,"mean_lng":0.16536706434951043,"std_lat":0.037374586808924026,"std_lng":0.24600733396887575},"exact_count":199,"original":{"correlation":0.038363071207345494,"mean_lat":39.52555714572864,"mean_lng":-105.32470524120603,"std_lat":0.48020834354774433,"std_lng":0.8424264531476124},"reduced":{"correlation":0.048536004142527664,"mean_lat":39.50558104166666,"mean_lng":-105.49007230555554,"std_lat":0.5175829303566684,"std_lng":1.0884337871164882}}