{"available":true,"displayed_count":69,"error":{"correlation":0.11597053983805888,"mean_lat":0.036771126130545895,"mean_lng":0.06378385322000213,"std_lat":0.021752614006907353,"std_lng":0.022987918561814105},"exact_count":266,"original":{"correlation":-0.4469454550994148,"mean_lat":39.02748001879699,"mean_lng":-77.50051845112782,"std_lat":0.0747135260279538,"std_lng":0.09173212460418598},"reduced":{"correlation":-0.5629159949374737,"mean_lat":39.06425114492754,"mean_lng":-77.56430230434782,"std_lat":0.09646614003486115,"std_lng":0.11472004316600008}}