{"available":true,"displayed_count":151,"error":{"correlation":0.03152652467250705,"mean_lat":0.41054743176949415,"mean_lng":0.2401914459199901,"std_lat":0.5371351201430391,"std_lng":0.18304913213433827},"exact_count":2282,"original":{"correlation":-0.38355550308185504,"mean_lat":33.6908235907099,"mean_lng":-84.0889652936021,"std_lat":0.4479248136143815,"std_lng":0.7417346251151957},"reduced":{"correlation":-0.4150820277543621,"mean_lat":33.2802761589404,"mean_lng":-83.84877384768211,"std_lat":0.9850599337574206,"std_lng":0.924783757249534}}