{"available":true,"displayed_count":123,"error":{"correlation":0.04683772342254122,"mean_lat":0.006644094520865451,"mean_lng":0.029055665963610977,"std_lat":0.04104575514609787,"std_lng":0.0017552080849981833},"exact_count":821,"original":{"correlation":-0.5519163520345783,"mean_lat":41.86682215956151,"mean_lng":-87.78057009013398,"std_lat":0.12895048172706478,"std_lng":0.16909198008842194},"reduced":{"correlation":-0.5987540754571196,"mean_lat":41.86017806504064,"mean_lng":-87.80962575609759,"std_lat":0.16999623687316265,"std_lng":0.16733677200342376}}