{"available":true,"displayed_count":14,"error":{"correlation":0.031050219617006283,"mean_lat":0.40360231773398425,"mean_lng":1.123670697044318,"std_lat":0.10968956714445555,"std_lng":0.6283281665592557},"exact_count":203,"original":{"correlation":0.1353410691481391,"mean_lat":44.74240581773399,"mean_lng":-121.90640805418718,"std_lat":1.0992646636404328,"std_lng":1.8366444915081612},"reduced":{"correlation":0.10429084953113281,"mean_lat":44.338803500000004,"mean_lng":-120.78273735714286,"std_lat":1.2089542307848884,"std_lng":2.464972658067417}}