{"available":true,"displayed_count":89,"error":{"correlation":0.046066940767340386,"mean_lat":0.0089563519895961,"mean_lng":0.02139611200786362,"std_lat":0.02915479402149683,"std_lng":0.028573489592202864},"exact_count":639,"original":{"correlation":-0.21677072467410108,"mean_lat":27.968479419405323,"mean_lng":-82.40634076369327,"std_lat":0.08725774837429336,"std_lng":0.09491963565175404},"reduced":{"correlation":-0.1707037839067607,"mean_lat":27.959523067415727,"mean_lng":-82.3849446516854,"std_lat":0.11641254239579019,"std_lng":0.1234931252439569}}