{"available":true,"displayed_count":186,"error":{"correlation":0.0029597407495709493,"mean_lat":0.007457715173913471,"mean_lng":0.005119878011043966,"std_lat":0.014326146623261538,"std_lng":0.00619765250450123},"exact_count":716,"original":{"correlation":0.0446389780487569,"mean_lat":35.2149306396648,"mean_lng":-80.84035443715084,"std_lat":0.0840017287202155,"std_lng":0.07203490953687845},"reduced":{"correlation":0.04167923729918595,"mean_lat":35.222388354838714,"mean_lng":-80.83523455913979,"std_lat":0.09832787534347703,"std_lng":0.07823256204137968}}