{"available":true,"displayed_count":91,"error":{"correlation":0.013274394594940064,"mean_lat":0.5722217006000037,"mean_lng":0.4073260188768302,"std_lat":0.6240774496032809,"std_lng":0.27737390891108116},"exact_count":2282,"original":{"correlation":-0.38355550308185504,"mean_lat":33.6908235907099,"mean_lng":-84.0889652936021,"std_lat":0.4479248136143815,"std_lng":0.7417346251151957},"reduced":{"correlation":-0.370281108486915,"mean_lat":33.11860189010989,"mean_lng":-83.68163927472527,"std_lat":1.0720022632176625,"std_lng":1.0191085340262769}}