{"applied_min_pixel_distance":null,"available":true,"baseline_distances":null,"baseline_equivalent_percentage":null,"baseline_key":null,"baseline_label":null,"baseline_n_points":null,"baseline_percentage":null,"baseline_source_county":null,"baseline_source_percentage":null,"baseline_source_state":null,"baseline_source_zoom":null,"complete":null,"country_min_distance":null,"country_min_pixel_distance":null,"current_distances":{"bottleneck_h0":1.3007971048355103,"bottleneck_h1":0.05788235366344452,"wasserstein_h0":13.330448858547236,"wasserstein_h1":0.5224129191516593},"current_label":null,"current_percentage":null,"displayed_count":55,"distances":{"bottleneck_h0":1.3007971048355103,"bottleneck_h1":0.05788235366344452,"wasserstein_h0":13.330448858547236,"wasserstein_h1":0.5224129191516593},"exact_count":1373,"normalized_distances":null,"original":{"h0":[[0.0,1.3486991292666062e-06],[0.0,1.3486991292666062e-06],[0.0,1.3486991292666062e-06],[0.0,1.3486991292666062e-06],[0.0,1.3486991292666062e-06],[0.0,1.3486991292666062e-06],[0.0,1.3486991292666062e-06],[0.0,3.0006662200321443e-05],[0.0,3.202983134542592e-05],[0.0,6.986600055824965e-05],[0.0,0.00012010239879600704],[0.0,0.00012800568947568536],[0.0,0.00013260531704872847],[0.0,0.00014893205661792308],[0.0,0.00015519127191510051],[0.0,0.00015865426394157112],[0.0,0.00016866560326889157],[0.0,0.00018332885520067066],[0.0,0.00018903931777458638],[0.0,0.00019557532505132258],[0.0,0.0001970624434761703],[0.0,0.00020171959477011114],[0.0,0.00021957095304969698],[0.0,0.0002561640867497772],[0.0,0.000258366548223421],[0.0,0.0002722368517424911],[0.0,0.00027688435511663556],[0.0,0.00027872915961779654],[0.0,0.00029913161415606737],[0.0,0.00031529864645563066],[0.0,0.000315455807140097],[0.0,0.0003306005382910371],[0.0,0.00033144676126539707],[0.0,0.00033421488478779793],[0.0,0.00036285645910538733],[0.0,0.0003746058791875839],[0.0,0.00039483269210904837],[0.0,0.0003954702406190336],[0.0,0.000404785037972033],[0.0,0.00040578364860266447],[0.0,0.00040820715366862714],[0.0,0.000409882515668869],[0.0,0.0004159999080002308],[0.0,0.00042816365021280944],[0.0,0.0004354136763140559],[0.0,0.0004525533877313137],[0.0,0.00048383913235738873],[0.0,0.0004870540869887918],[0.0,0.000517726584803313],[0.0,0.0005352687439881265],[0.0,0.0005724620423279703],[0.0,0.0005868879379704595],[0.0,0.0006277125794440508],[0.0,0.0006990868714638054],[0.0,0.0007131150341592729],[0.0,0.0007861429476179183],[0.0,0.0007935395697131753],[0.0,0.0008290024707093835],[0.0,0.000854282989166677],[0.0,0.0008869955781847239],[0.0,0.0009514205157756805],[0.0,0.0009570481488481164],[0.0,0.000986079452559352],[0.0,0.0010460902703925967],[0.0,0.0011000967351719737],[0.0,0.0011873436160385609],[0.0,0.0012182695791125298],[0.0,0.001339235226623714],[0.0,0.0013502681395038962],[0.0,0.0013570648152381182],[0.0,0.0013666452141478658],[0.0,0.0014126971364021301],[0.0,0.0014165088068693876],[0.0,0.0015088077634572983],[0.0,0.0015580764738842845],[0.0,0.001791193033568561],[0.0,0.0018217930337414145],[0.0,0.0018266144907101989],[0.0,0.0020900957752019167],[0.0,0.002102725673466921],[0.0,0.0021514841355383396],[0.0,0.0022111530415713787],[0.0,0.002272241050377488],[0.0,0.0023167231120169163],[0.0,0.0023662380408495665],[0.0,0.0024335328489542007],[0.0,0.002601552288979292],[0.0,0.0026270628441125154],[0.0,0.002766060410067439],[0.0,0.002831391990184784],[0.0,0.0028634786140173674],[0.0,0.0028777611441910267],[0.0,0.0029922770336270332],[0.0,0.0030078571289777756],[0.0,0.0030122525058686733],[0.0,0.003028333652764559],[0.0,0.0031001383904367685],[0.0,0.0031364087481051683],[0.0,0.003190250601619482],[0.0,0.003286773804575205],[0.0,0.0032872643787413836],[0.0,0.0034049530513584614],[0.0,0.003482823260128498],[0.0,0.0035153995268046856],[0.0,0.0035819197073578835],[0.0,0.0037400689907372],[0.0,0.003774402430281043],[0.0,0.0038305071648210287],[0.0,0.0038439277559518814],[0.0,0.004045447334647179],[0.0,0.004073988646268845],[0.0,0.00421458575874567],[0.0,0.0043677110224962234],[0.0,0.004505783319473267],[0.0,0.004630919545888901],[0.0,0.004712368361651897],[0.0,0.004814081825315952],[0.0,0.004940317943692207],[0.0,0.00500099640339613],[0.0,0.005034097004681826],[0.0,0.0050591700710356236],[0.0,0.005076752044260502],[0.0,0.0050932615995407104],[0.0,0.0051179262809455395],[0.0,0.005129138473421335],[0.0,0.005202963016927242],[0.0,0.005239551421254873],[0.0,0.005305388476699591],[0.0,0.005317045375704765],[0.0,0.005361801479011774],[0.0,0.005692940670996904],[0.0,0.005711666774004698],[0.0,0.005813403986394405],[0.0,0.005819251295179129],[0.0,0.00601427024230361],[0.0,0.0060801031067967415],[0.0,0.006096061784774065],[0.0,0.0061353095807135105],[0.0,0.006141248624771833],[0.0,0.006272998172789812],[0.0,0.006276245228946209],[0.0,0.006477163638919592],[0.0,0.006510205566883087],[0.0,0.0065782214514911175],[0.0,0.006578617729246616],[0.0,0.0069056604988873005],[0.0,0.007014852948486805],[0.0,0.0070237223990261555],[0.0,0.007080913055688143],[0.0,0.007202201522886753],[0.0,0.007536163087934256],[0.0,0.0075862957164645195],[0.0,0.0076308222487568855],[0.0,0.007702309172600508],[0.0,0.0077645848505198956],[0.0,0.007896997965872288],[0.0,0.007922130636870861],[0.0,0.007961452007293701],[0.0,0.008000347763299942],[0.0,0.008068479597568512],[0.0,0.008199484087526798],[0.0,0.008235523477196693],[0.0,0.008283581584692001],[0.0,0.008296199142932892],[0.0,0.008381788618862629],[0.0,0.008407513611018658],[0.0,0.008580856956541538],[0.0,0.0088043212890625],[0.0,0.008841514587402344],[0.0,0.008934804238379002],[0.0,0.009002839215099812],[0.0,0.009062268771231174],[0.0,0.009086956270039082],[0.0,0.009389287792146206],[0.0,0.009505892172455788],[0.0,0.009795375168323517],[0.0,0.009949401952326298],[0.0,0.010085437446832657],[0.0,0.0101543590426445],[0.0,0.010353314690291882],[0.0,0.010508249513804913],[0.0,0.010770930908620358],[0.0,0.010798042640089989],[0.0,0.010913974605500698],[0.0,0.011023661121726036],[0.0,0.011044023558497429],[0.0,0.011108915321528912],[0.0,0.011242876760661602],[0.0,0.011360054835677147],[0.0,0.011362046003341675],[0.0,0.011458204127848148],[0.0,0.011696164496243],[0.0,0.01183772087097168],[0.0,0.011910943314433098],[0.0,0.011943166144192219],[0.0,0.012095841579139233],[0.0,0.012181337922811508],[0.0,0.012196434661746025],[0.0,0.01233731210231781],[0.0,0.012367554940283298],[0.0,0.012801644392311573],[0.0,0.012910515069961548],[0.0,0.012944607064127922],[0.0,0.013100319541990757],[0.0,0.013109098188579082],[0.0,0.013230795972049236],[0.0,0.01329620461910963],[0.0,0.013393704779446125],[0.0,0.013447831384837627],[0.0,0.013515227474272251],[0.0,0.013561920262873173],[0.0,0.0138009674847126],[0.0,0.013863480649888515],[0.0,0.013895674608647823],[0.0,0.013905080035328865],[0.0,0.013911871239542961],[0.0,0.014138740487396717],[0.0,0.014140036888420582],[0.0,0.014213701710104942],[0.0,0.01428960170596838],[0.0,0.014478054828941822],[0.0,0.014616669155657291],[0.0,0.014642462134361267],[0.0,0.014672813937067986],[0.0,0.014922752976417542],[0.0,0.014962130226194859],[0.0,0.01503026857972145],[0.0,0.01506093330681324],[0.0,0.015188065357506275],[0.0,0.015542801469564438],[0.0,0.015603461302816868],[0.0,0.01579611375927925],[0.0,0.015922171995043755],[0.0,0.01605301722884178],[0.0,0.016218798235058784],[0.0,0.016510676592588425],[0.0,0.016548309475183487],[0.0,0.016673574224114418],[0.0,0.016731373965740204],[0.0,0.01684599556028843],[0.0,0.0168948695063591],[0.0,0.017146486788988113],[0.0,0.017354821786284447],[0.0,0.017672929912805557],[0.0,0.017800623551011086],[0.0,0.01785581186413765],[0.0,0.017992937937378883],[0.0,0.018159573897719383],[0.0,0.01829424686729908],[0.0,0.018327567726373672],[0.0,0.01838134042918682],[0.0,0.018586525693535805],[0.0,0.01878484897315502],[0.0,0.018944861367344856],[0.0,0.019130922853946686],[0.0,0.01934492588043213],[0.0,0.01962815225124359],[0.0,0.019721679389476776],[0.0,0.02057429403066635],[0.0,0.020651308819651604],[0.0,