{"available":true,"displayed_count":1644,"error":{"correlation":0.0091448913066281,"mean_lat":0.05186686816725228,"mean_lng":0.02629465152585908,"std_lat":0.005057525788529249,"std_lng":0.002434721010886154},"exact_count":6323,"original":{"correlation":-0.6593657108089224,"mean_lat":27.43951834809426,"mean_lng":-81.44445542464021,"std_lat":1.1679375825937848,"std_lng":1.014550165795276},"reduced":{"correlation":-0.6685106021155505,"mean_lat":27.38765147992701,"mean_lng":-81.41816077311435,"std_lat":1.172995108382314,"std_lng":1.0169848868061622}}