{"available":true,"displayed_count":632,"error":{"correlation":0.15181508417386314,"mean_lat":0.5875801313361144,"mean_lng":0.3346862636509229,"std_lat":0.039091985853375144,"std_lng":0.08879174559530623},"exact_count":6323,"original":{"correlation":-0.6593657108089224,"mean_lat":27.43951834809426,"mean_lng":-81.44445542464021,"std_lat":1.1679375825937848,"std_lng":1.014550165795276},"reduced":{"correlation":-0.5075506266350592,"mean_lat":28.027098479430375,"mean_lng":-81.77914168829113,"std_lat":1.20702956844716,"std_lng":1.1033419113905822}}