{"available":true,"displayed_count":39,"error":{"correlation":0.15003249332637547,"mean_lat":0.03781980843245947,"mean_lng":0.2022608266455137,"std_lat":0.05384928188897953,"std_lng":0.327988535191847},"exact_count":970,"original":{"correlation":0.5738316771838443,"mean_lat":35.3540332443299,"mean_lng":-80.46475540412372,"std_lat":0.3061944917115558,"std_lng":0.8679310616074577},"reduced":{"correlation":0.7238641705102198,"mean_lat":35.31621343589744,"mean_lng":-80.66701623076924,"std_lat":0.2523452098225763,"std_lng":0.5399425264156107}}