{"available":true,"displayed_count":358,"error":{"correlation":0.027045648059273706,"mean_lat":0.0011087988826758988,"mean_lng":0.0006164036312981125,"std_lat":0.002565661945626657,"std_lng":0.0011672718786249342},"exact_count":716,"original":{"correlation":0.0446389780487569,"mean_lat":35.2149306396648,"mean_lng":-80.84035443715084,"std_lat":0.0840017287202155,"std_lng":0.07203490953687845},"reduced":{"correlation":0.01759332998948319,"mean_lat":35.213821840782124,"mean_lng":-80.83973803351954,"std_lat":0.08656739066584215,"std_lng":0.07086763765825352}}