{"available":true,"displayed_count":26,"error":{"correlation":0.16848453322733484,"mean_lat":0.4403429999999986,"mean_lng":0.010143721445246001,"std_lat":0.7342597250018943,"std_lng":0.8315088048084847},"exact_count":429,"original":{"correlation":-0.38255722210907245,"mean_lat":33.53233084615385,"mean_lng":-112.00097106759908,"std_lat":0.7100094751742487,"std_lng":0.7100116477411018},"reduced":{"correlation":-0.2140726888817376,"mean_lat":33.972673846153846,"mean_lng":-111.99082734615384,"std_lat":1.444269200176143,"std_lng":1.5415204525495865}}